ID,split
1,test
2,test
3,development
4,development
5,development
6,test
7,development
8,development
9,development
10,development
11,development
12,development
13,development
14,development
15,test
16,development
17,development
18,development
19,development
20,development
21,development
22,development
23,development
24,development
25,development
26,development
27,test
28,development
29,development
30,test
31,development
32,test
33,development
34,development
35,development
36,test
37,development
38,development
39,development
40,test
41,test
42,test
43,development
44,development
45,development
46,development
47,test
48,development
49,test
50,test
51,development
52,development
53,test
54,development
55,development
56,development
57,development
58,development
59,development
60,development
61,development
62,development
63,development
64,development
65,development
66,development
67,development
68,test
69,development
70,development
71,development
72,test
73,test
74,development
75,development
76,development
77,development
78,development
79,development
80,development
81,development
82,development
83,development
84,development
85,test
86,test
87,development
88,development
89,test
90,development
91,test
92,development
93,development
94,development
95,development
96,development
97,development
98,development
99,development
100,test
101,development
102,test
103,test
104,development
105,test
106,development
107,development
108,development
109,development
110,development
111,test
112,development
113,development
114,development
115,test
116,development
117,development
118,test
119,development
120,development
121,development
122,development
123,development
124,development
125,test
126,development
127,development
128,development
129,test
130,development
131,development
132,development
133,test
134,development
135,development
136,test
137,development
138,development
139,development
140,test
141,development
142,development
143,development
144,test
145,development
146,development
147,development
148,development
149,development
150,test
151,development
152,development
153,development
154,development
155,development
156,development
157,development
158,development
159,development
160,development
161,test
162,test
163,development
164,test
165,development
166,development
167,development
168,development
169,development
170,development
171,development
172,test
173,test
174,test
175,development
176,development
177,development
178,test
179,test
180,development
181,development
182,test
183,development
184,development
185,development
186,development
187,test
188,development
189,development
190,development
191,development
192,development
193,development
194,development
195,development
196,development
197,development
198,development
199,test
200,development
201,development
202,development
203,development
204,development
205,development
206,development
207,development
208,development
209,test
210,development
211,development
212,development
213,development
214,development
215,development
216,development
217,development
218,development
219,test
220,development
221,development
222,development
223,test
224,development
225,development
226,development
227,development
228,development
229,development
230,development
231,development
232,test
233,development
234,development
235,development
236,development
237,development
238,development
239,development
240,development
241,development
242,development
243,development
244,development
245,development
246,development
247,test
248,development
249,development
250,development
251,development
252,development
253,test
254,development
255,development
256,development
257,development
258,development
259,development
260,development
261,development
262,development
263,development
264,development
265,development
266,development
267,development
268,development
269,development
270,development
271,development
272,development
273,development
274,development
275,development
276,test
277,development
278,development
279,development
280,development
281,development
282,development
283,development
284,development
285,test
286,test
287,test
288,development
289,development
290,development
291,development
292,development
293,development
294,development
295,development
296,development
297,development
298,test
299,development
300,development
301,development
302,development
303,development
304,development
305,test
306,test
307,test
308,development
309,development
310,development
311,development
312,development
313,development
314,development
315,development
316,development
317,development
318,test
319,test
320,development
321,development
322,development
323,development
324,development
325,development
326,development
327,development
328,development
329,development
330,test
331,development
332,test
333,development
334,test
335,test
336,development
337,development
338,development
339,development
340,test
341,development
342,development
343,development
344,development
345,test
346,development
347,development
348,development
349,development
350,development
351,development
352,test
353,development
354,development
355,development
356,development
357,development
358,test
359,development
360,development
361,development
362,development
363,development
364,test
365,development
366,development
367,test
368,development
369,development
370,development
371,development
372,development
373,development
374,development
375,development
376,development
377,test
378,development
379,development
380,development
381,development
382,development
383,test
384,development
385,development
386,development
387,development
388,development
389,test
390,development
391,test
392,development
393,development
394,test
395,development
396,test
397,development
398,development
399,development
400,development
401,development
402,development
403,development
404,development
405,test
406,development
407,test
408,development
409,development
410,test
411,test
412,test
413,development
414,development
415,development
416,development
417,test
418,development
419,test
420,development
421,development
422,development
423,development
424,development
425,development
426,test
427,development
428,development
429,development
430,development
431,development
432,development
433,test
434,test
435,test
436,development
437,development
438,test
439,test
440,development
441,test
442,development
443,development
444,development
445,test
446,development
447,development
448,development
449,development
450,development
451,test
452,development
453,development
454,development
455,development
456,development
457,development
458,development
459,development
460,development
461,test
462,development
463,development
464,development
465,development
466,development
467,development
468,test
469,development
470,development
471,development
472,development
473,test
474,development
475,development
476,development
477,development
478,test
479,test
480,development
481,test
482,development
483,development
484,development
485,development
486,development
487,development
488,development
489,test
490,development
491,development
492,test
493,development
494,development
495,test
496,development
497,development
498,development
499,development
500,development
501,development
502,development
503,development
504,development
505,development
506,development
507,development
508,development
509,development
510,development
511,development
512,development
513,test
514,development
515,development
516,test
517,development
518,development
519,development
520,test
521,development
522,development
523,development
524,development
525,development
526,development
527,development
528,development
529,development
530,development
531,development
532,test
533,development
534,test
535,test
536,development
537,development
538,development
539,development
540,development
541,development
542,development
543,development
544,development
545,development
546,development
547,development
548,development
549,development
550,development
551,test
552,development
553,development
554,development
555,development
556,development
557,development
558,development
559,development
560,test
561,development
562,test
563,development
564,development
565,test
566,development
567,development
568,test
569,development
570,test
571,development
572,development
573,development
574,development
575,development
576,development
577,development
578,development
579,development
580,test
581,development
582,development
583,development
584,development
585,development
586,development
587,development
588,development
589,development
590,test
591,development
592,development
593,development
594,development
595,development
596,development
597,development
598,test
599,development
600,development
601,development
602,development
603,test
604,development
605,test
606,development
607,test
608,development
609,test
610,development
611,development
612,development
613,development
614,development
615,development
616,development
617,development
618,test
619,development
620,development
621,development
622,development
623,test
624,development
625,development
626,development
627,development
628,development
629,development
630,test
631,development
632,test
633,development
634,development
635,test
636,development
637,development
638,development
639,development
640,development
641,development
642,development
643,development
644,development
645,test
646,development
647,development
648,development
649,development
650,development
651,development
652,test
653,test
654,test
655,test
656,development
657,development
658,development
659,development
660,development
661,test
662,development
663,development
664,development
665,development
666,development
667,development
668,development
669,development
670,development
671,test
672,development
673,development
674,development
675,test
676,development
677,development
678,development
679,test
680,test
681,development
682,development
683,development
684,test
685,development
686,development
687,development
688,development
689,development
690,development
691,test
692,development
693,development
694,development
695,test
696,development
697,test
698,development
699,development
700,development
701,development
702,development
703,development
704,test
705,development
706,development
707,development
708,development
709,development
710,development
711,development
712,development
713,development
714,development
715,development
716,development
717,development
718,development
719,development
720,development
721,development
722,development
723,development
724,development
725,development
726,development
727,development
728,development
729,test
730,development
731,development
732,development
733,test
734,development
735,test
736,development
737,development
738,development
739,test
740,development
741,development
742,development
743,development
744,development
745,development
746,development
747,development
748,development
749,development
750,development
751,development
752,test
753,development
754,development
755,development
756,test
757,development
758,test
759,development
760,development
761,development
762,development
763,development
764,development
765,test
766,development
767,development
768,development
769,development
770,development
771,development
772,development
773,development
774,development
775,test
776,test
777,development
778,test
779,development
780,development
781,development
782,development
783,development
784,development
785,development
786,development
787,development
788,test
789,development
790,development
791,development
792,development
793,development
794,development
795,test
796,test
797,development
798,development
799,development
800,development
801,development
802,development
803,development
804,development
805,test
806,development
807,development
808,development
809,development
810,test
811,development
812,test
813,development
814,development
815,development
816,development
817,test
818,development
819,test
820,development
821,development
822,development
823,development
824,development
825,development
826,test
827,development
828,development
829,development
830,development
831,test
832,development
833,development
834,development
835,development
836,development
837,development
838,development
839,test
840,development
841,development
842,development
843,test
844,test
845,test
846,development
847,development
848,development
849,development
850,development
851,test
852,development
853,test
854,development
855,development
856,test
857,development
858,development
859,development
860,development
861,development
862,development
863,development
864,development
865,development
866,development
867,development
868,development
869,development
870,development
871,test
872,development
873,test
874,development
875,development
876,development
877,development
878,test
879,test
880,test
881,test
882,development
883,development
884,development
885,development
886,development
887,test
888,development
889,development
890,development
891,development
892,test
893,development
894,development
895,development
896,development
897,development
898,development
899,test
900,development
901,development
902,development
903,development
904,development
905,development
906,development
907,test
908,development
909,test
910,development
911,test
912,development
913,development
914,development
915,development
916,development
917,development
918,development
919,development
920,development
921,development
922,development
923,development
924,test
925,development
926,development
927,development
928,development
929,development
930,test
931,development
932,development
933,development
934,development
935,development
936,development
937,development
938,development
939,development
940,test
941,development
942,development
943,test
944,development
945,test
946,development
947,development
948,test
949,development
950,development
951,test
952,test
953,development
954,development
955,development
956,development
957,development
958,development
959,development
960,development
961,development
962,development
963,development
964,development
965,development
966,development
967,development
968,test
969,development
970,development
971,development
972,test
973,development
974,development
975,test
976,development
977,development
978,development
979,development
980,development
981,development
982,development
983,development
984,development
985,development
986,development
987,development
988,development
989,development
990,development
991,development
992,development
993,development
994,test
995,development
996,development
997,development
998,development
999,development
1000,development
1001,test
1002,development
1003,development
1004,development
1005,development
1006,test
1007,development
1008,development
1009,development
1010,development
1011,development
1012,development
1013,development
1014,test
1015,test
1016,development
1017,development
1018,test
1019,development
1020,development
1021,development
1022,development
1023,development
1024,development
1025,development
1026,development
1027,test
1028,development
1029,development
1030,development
1031,development
1032,test
1033,development
1034,development
1035,development
1036,test
1037,development
1038,development
1039,test
1040,development
1041,test
1042,development
1043,development
1044,development
1045,development
1046,test
1047,development
1048,test
1049,development
1050,development
1051,development
1052,test
1053,development
1054,development
1055,development
1056,development
1057,test
1058,development
1059,development
1060,test
1061,development
1062,development
1063,test
1064,test
1065,development
1066,development
1067,development
1068,development
1069,test
1070,development
1071,development
1072,development
1073,development
1074,development
1075,development
1076,development
1077,test
1078,development
1079,development
1080,development
1081,development
1082,development
1083,development
1084,development
1085,development
1086,development
1087,development
1088,development
1089,development
1090,development
1091,development
1092,development
1093,development
1094,development
1095,development
1096,development
1097,test
1098,development
1099,test
1100,development
1101,test
1102,development
1103,development
1104,test
1105,development
1106,development
1107,development
1108,test
1109,development
1110,development
1111,development
1112,test
1113,development
1114,development
1115,test
1116,development
1117,development
1118,development
1119,test
1120,development
1121,development
1122,development
1123,development
1124,development
1125,test
1126,development
1127,test
1128,development
1129,development
1130,development
1131,development
1132,development
1133,development
1134,development
1135,development
1136,test
1137,development
1138,development
1139,development
1140,development
1141,development
1142,test
1143,development
1144,development
1145,development
1146,development
1147,development
1148,development
1149,development
1150,development
1151,test
1152,development
1153,development
1154,development
1155,test
1156,development
1157,test
1158,development
1159,development
1160,test
1161,development
1162,development
1163,development
1164,development
1165,development
1166,test
1167,test
1168,development
1169,development
1170,development
1171,development
1172,development
1173,development
1174,development
1175,development
1176,test
1177,development
1178,development
1179,test
1180,development
1181,development
1182,development
1183,development
1184,development
1185,development
1186,development
1187,test
1188,development
1189,development
1190,development
1191,development
1192,test
1193,development
1194,development
1195,development
1196,development
1197,development
1198,development
1199,development
1200,test
1201,test
1202,test
1203,development
1204,test
1205,test
1206,development
1207,development
1208,development
1209,test
1210,development
1211,development
1212,test
1213,test
1214,development
1215,development
1216,development
1217,development
1218,test
1219,development
1220,development
1221,test
1222,development
1223,development
1224,test
1225,test
1226,test
1227,development
1228,development
1229,development
1230,development
1231,test
1232,development
1233,development
1234,test
1235,test
1236,test
1237,development
1238,development
1239,development
1240,development
1241,development
1242,development
1243,development
1244,test
1245,development
1246,development
1247,development
1248,development
1249,test
1250,test
1251,development
1252,development
1253,test
1254,development
1255,test
1256,development
1257,development
1258,development
1259,development
1260,development
1261,test
1262,test
1263,test
1264,development
1265,development
1266,development
1267,test
1268,development
1269,development
1270,development
1271,test
1272,development
1273,development
1274,test
1275,development
1276,development
1277,development
1278,development
1279,development
1280,development
1281,test
1282,development
1283,development
1284,development
1285,development
1286,development
1287,development
1288,test
1289,development
1290,development
1291,test
1292,development
1293,development
1294,development
1295,development
1296,development
1297,development
1298,development
1299,development
1300,development
1301,development
1302,development
1303,development
1304,development
1305,test
1306,test
1307,test
1308,development
1309,development
1310,development
1311,development
1312,development
1313,test
1314,development
1315,test
1316,test
1317,development
1318,test
1319,development
1320,development
1321,development
1322,development
1323,test
1324,development
1325,development
1326,test
1327,test
1328,development
1329,development
1330,development
1331,development
1332,development
1333,test
1334,development
1335,development
1336,development
1337,development
1338,development
1339,development
1340,development
1341,development
1342,development
1343,development
1344,test
1345,test
1346,test
1347,test
1348,development
1349,development
1350,test
1351,development
1352,development
1353,development
1354,development
1355,test
1356,test
1357,development
1358,development
1359,development
1360,development
1361,test
1362,development
1363,development
1364,development
1365,test
1366,test
1367,development
1368,development
1369,development
1370,development
1371,development
1372,test
1373,development
1374,test
1375,test
1376,test
1377,test
1378,test
1379,development
1380,development
1381,development
1382,development
1383,development
1384,development
1385,test
1386,development
1387,development
1388,development
1389,test
1390,development
1391,development
1392,development
1393,development
1394,test
1395,development
1396,development
1397,development
1398,development
1399,development
1400,development
1401,development
1402,test
1403,development
1404,development
1405,development
1406,test
1407,development
1408,development
1409,development
1410,development
1411,development
1412,development
1413,development
1414,development
1415,test
1416,development
1417,test
1418,development
1419,development
1420,test
1421,test
1422,development
1423,development
1424,development
1425,development
1426,development
1427,development
1428,development
1429,development
1430,development
1431,test
1432,development
1433,development
1434,development
1435,development
1436,development
1437,development
1438,test
1439,development
1440,development
1441,test
1442,test
1443,development
1444,development
1445,development
1446,development
1447,development
1448,development
1449,development
1450,development
1451,development
1452,development
1453,development
1454,test
1455,development
1456,development
1457,development
1458,development
1459,development
1460,development
1461,development
1462,development
1463,development
1464,development
1465,development
1466,test
1467,test
1468,development
1469,development
1470,test
1471,development
1472,test
1473,test
1474,development
1475,development
1476,development
1477,development
1478,test
1479,development
1480,development
1481,development
1482,test
1483,development
1484,development
1485,development
1486,test
1487,development
1488,development
1489,development
1490,development
1491,development
1492,development
1493,development
1494,development
1495,development
1496,development
1497,development
1498,development
1499,development
1500,development
1501,development
1502,development
1503,development
1504,development
1505,development
1506,development
1507,development
1508,development
1509,development
1510,development
1511,development
1512,development
1513,test
1514,development
1515,development
1516,development
1517,development
1518,development
1519,development
1520,development
1521,development
1522,development
1523,development
1524,development
1525,development
1526,development
1527,development
1528,test
1529,development
1530,development
1531,development
1532,development
1533,development
1534,development
1535,development
1536,test
1537,development
1538,development
1539,development
1540,test
1541,test
1542,development
1543,development
1544,development
1545,development
1546,test
1547,development
1548,development
1549,development
1550,test
1551,test
1552,development
1553,development
1554,development
1555,development
1556,development
1557,development
1558,development
1559,development
1560,development
1561,development
1562,development
1563,test
1564,development
1565,development
1566,development
1567,development
1568,development
1569,development
1570,test
1571,development
1572,development
1573,development
1574,test
1575,development
1576,development
1577,development
1578,development
1579,test
1580,development
1581,development
1582,development
1583,test
1584,test
1585,development
1586,development
1587,development
1588,development
1589,test
1590,development
1591,development
1592,development
1593,development
1594,test
1595,development
1596,development
1597,test
1598,test
1599,development
1600,development
1601,development
1602,test
1603,development
1604,development
1605,development
1606,development
1607,development
1608,development
1609,development
1610,development
1611,development
1612,development
1613,test
1614,test
1615,development
1616,development
1617,development
1618,test
1619,test
1620,development
1621,development
1622,test
1623,development
1624,test
1625,development
1626,development
1627,development
1628,development
1629,development
1630,development
1631,development
1632,development
1633,development
1634,test
1635,development
1636,development
1637,development
1638,development
1639,development
1640,development
1641,development
1642,development
1643,development
1644,development
1645,development
1646,development
1647,development
1648,development
1649,development
1650,development
1651,development
1652,development
1653,development
1654,development
1655,development
1656,test
1657,development
1658,development
1659,development
1660,development
1661,development
1662,development
1663,development
1664,development
1665,development
1666,test
1667,development
1668,development
1669,development
1670,development
1671,development
1672,development
1673,development
1674,development
1675,test
1676,development
1677,development
1678,development
1679,development
1680,development
1681,development
1682,development
1683,development
1684,test
1685,development
1686,development
1687,development
1688,development
1689,development
1690,development
1691,development
1692,development
1693,development
1694,development
1695,development
1696,test
1697,test
1698,development
1699,development
1700,development
1701,development
1702,development
1703,development
1704,test
1705,development
1706,test
1707,development
1708,development
1709,test
1710,test
1711,development
1712,development
1713,development
1714,development
1715,development
1716,development
1717,development
1718,development
1719,development
1720,development
1721,development
1722,development
1723,test
1724,development
1725,development
1726,development
1727,development
1728,development
1729,development
1730,development
1731,test
1732,development
1733,development
1734,development
1735,development
1736,development
1737,development
1738,development
1739,development
1740,development
1741,test
1742,development
1743,test
1744,development
1745,development
1746,development
1747,development
1748,development
1749,test
1750,development
1751,development
1752,development
1753,development
1754,test
1755,development
1756,development
1757,development
1758,test
1759,development
1760,development
1761,development
1762,development
1763,development
1764,development
1765,development
1766,test
1767,development
1768,test
1769,development
1770,development
1771,test
1772,development
1773,development
1774,development
1775,development
1776,development
1777,development
1778,development
1779,development
1780,development
1781,test
1782,development
1783,development
1784,development
1785,development
1786,development
1787,development
1788,development
1789,development
1790,test
1791,development
1792,test
1793,test
1794,development
1795,development
1796,test
1797,development
1798,development
1799,development
1800,development
1801,development
1802,development
1803,development
1804,development
1805,development
1806,development
1807,development
1808,development
1809,development
1810,development
1811,development
1812,development
1813,development
1814,development
1815,development
1816,development
1817,development
1818,test
1819,development
1820,test
1821,test
1822,development
1823,development
1824,development
1825,test
1826,test
1827,development
1828,development
1829,test
1830,development
1831,development
1832,test
1833,development
1834,development
1835,development
1836,development
1837,development
1838,development
1839,test
1840,development
1841,test
1842,test
1843,development
1844,development
1845,development
1846,test
1847,development
1848,development
1849,development
1850,development
1851,development
1852,development
1853,development
1854,test
1855,development
1856,development
1857,development
1858,development
1859,development
1860,test
1861,development
1862,test
1863,development
1864,test
1865,test
1866,development
1867,development
1868,test
1869,development
1870,development
1871,development
1872,development
1873,test
1874,development
1875,test
1876,development
1877,development
1878,development
1879,development
1880,development
1881,development
1882,development
1883,test
1884,development
1885,development
1886,test
1887,development
1888,test
1889,development
1890,development
1891,test
1892,development
1893,development
1894,development
1895,development
1896,development
1897,development
1898,development
1899,test
1900,development
1901,development
1902,development
1903,development
1904,development
1905,development
1906,development
1907,test
1908,development
1909,development
1910,development
1911,test
1912,development
1913,development
1914,test
1915,development
1916,test
1917,test
1918,development
1919,development
1920,development
1921,development
1922,development
1923,development
1924,development
1925,development
1926,development
1927,test
1928,development
1929,development
1930,development
1931,development
1932,development
1933,development
1934,development
1935,development
1936,development
1937,development
1938,development
1939,test
1940,development
1941,test
1942,development
1943,development
1944,development
1945,development
1946,development
1947,development
1948,test
1949,development
1950,development
1951,development
1952,development
1953,development
1954,test
1955,development
1956,development
1957,test
1958,development
1959,test
1960,development
1961,development
1962,development
1963,development
1964,development
1965,development
1966,development
1967,development
1968,test
1969,development
1970,development
1971,development
1972,test
1973,development
1974,test
1975,development
1976,development
1977,development
1978,test
1979,development
1980,development
1981,development
1982,development
1983,development
1984,development
1985,development
1986,test
1987,development
1988,development
1989,test
1990,development
1991,development
1992,development
1993,development
1994,development
1995,development
1996,development
1997,test
1998,development
1999,development
2000,test
2001,development
2002,development
2003,development
2004,test
2005,development
2006,development
2007,development
2008,development
2009,development
2010,development
2011,development
2012,development
2013,development
2014,development
2015,development
2016,test
2017,test
2018,development
2019,development
2020,development
2021,test
2022,test
2023,development
2024,development
2025,development
2026,development
2027,development
2028,development
2029,development
2030,development
2031,development
2032,development
2033,development
2034,development
2035,development
2036,test
2037,development
2038,development
2039,development
2040,test
2041,development
2042,test
2043,test
2044,development
2045,development
2046,development
2047,development
2048,development
2049,test
2050,development
2051,development
2052,development
2053,test
2054,test
2055,development
2056,development
2057,development
2058,test
2059,development
2060,development
2061,development
2062,development
2063,test
2064,development
2065,development
2066,development
2067,development
2068,development
2069,test
2070,development
2071,development
2072,development
2073,development
2074,development
2075,development
2076,development
2077,development
2078,test
2079,test
2080,test
2081,development
2082,development
2083,development
2084,development
2085,development
2086,development
2087,test
2088,development
2089,development
2090,test
2091,development
2092,test
2093,test
2094,development
2095,development
2096,test
2097,development
2098,development
2099,test
2100,development
2101,development
2102,development
2103,development
2104,development
2105,development
2106,test
2107,test
2108,test
2109,development
2110,development
2111,development
2112,development
2113,development
2114,development
2115,development
2116,development
2117,development
2118,development
2119,development
2120,development
2121,development
2122,development
2123,development
2124,test
2125,development
2126,development
2127,test
2128,test
2129,development
2130,test
2131,development
2132,test
2133,development
2134,development
2135,development
2136,development
2137,development
2138,development
2139,development
2140,development
2141,development
2142,development
2143,development
2144,development
2145,development
2146,development
2147,development
2148,development
2149,development
2150,development
2151,development
2152,development
2153,development
2154,development
2155,development
2156,development
2157,development
2158,development
2159,test
2160,development
2161,development
2162,development
2163,development
2164,test
2165,development
2166,development
2167,development
2168,test
2169,development
2170,development
2171,development
2172,development
2173,development
2174,test
2175,development
2176,development
2177,development
2178,development
2179,development
2180,development
2181,development
2182,development
2183,test
2184,development
2185,test
2186,development
2187,development
2188,development
2189,development
2190,development
2191,test
2192,development
2193,development
2194,development
2195,development
2196,development
2197,development
2198,development
2199,development
2200,development
2201,development
2202,development
2203,test
2204,development
2205,test
2206,development
2207,test
2208,development
2209,test
2210,development
2211,development
2212,development
2213,development
2214,development
2215,development
2216,development
2217,test
2218,development
2219,test
2220,development
2221,development
2222,development
2223,development
2224,development
2225,development
2226,development
2227,development
2228,test
2229,development
2230,development
2231,development
2232,development
2233,development
2234,development
2235,development
2236,development
2237,development
2238,development
2239,test
2240,development
2241,test
2242,development
2243,test
2244,development
2245,test
2246,development
2247,development
2248,development
2249,development
2250,development
2251,development
2252,development
2253,development
2254,development
2255,development
2256,development
2257,development
2258,development
2259,development
2260,development
2261,development
2262,development
2263,development
2264,test
2265,development
2266,development
2267,development
2268,development
2269,development
2270,development
2271,development
2272,test
2273,development
2274,development
2275,development
2276,test
2277,development
2278,development
2279,development
2280,development
2281,development
2282,development
2283,test
2284,development
2285,test
2286,test
2287,development
2288,development
2289,development
2290,development
2291,test
2292,development
2293,test
2294,development
2295,development
2296,development
2297,development
2298,test
2299,development
2300,development
2301,development
2302,test
2303,development
2304,development
2305,development
2306,development
2307,test
2308,development
2309,development
2310,development
2311,test
2312,development
2313,development
2314,development
2315,test
2316,development
2317,development
2318,test
2319,test
2320,test
2321,development
2322,development
2323,development
2324,test
2325,development
2326,development
2327,test
2328,development
2329,development
2330,test
2331,development
2332,development
2333,development
2334,test
2335,test
2336,development
2337,development
2338,test
2339,development
2340,development
2341,development
2342,test
2343,development
2344,development
2345,development
2346,development
2347,development
2348,development
2349,development
2350,development
2351,development
2352,development
2353,development
2354,test
2355,development
2356,development
2357,development
2358,test
2359,development
2360,development
2361,development
2362,test
2363,development
2364,development
2365,development
2366,development
2367,development
2368,development
2369,development
2370,development
2371,test
2372,development
2373,test
2374,test
2375,test
2376,development
2377,test
2378,development
2379,development
2380,test
2381,development
2382,development
2383,test
2384,development
2385,development
2386,development
2387,development
2388,development
2389,development
2390,development
2391,development
2392,development
2393,development
2394,development
2395,development
2396,test
2397,development
2398,development
2399,development
2400,development
2401,development
2402,development
2403,test
2404,development
2405,test
2406,test
2407,test
2408,development
2409,test
2410,development
2411,development
2412,development
2413,test
2414,development
2415,development
2416,development
2417,test
2418,development
2419,development
2420,development
2421,development
2422,development
2423,test
2424,development
2425,development
2426,development
2427,development
2428,test
2429,development
2430,development
2431,test
2432,development
2433,development
2434,test
2435,development
2436,test
2437,development
2438,development
2439,development
2440,development
2441,development
2442,development
2443,development
2444,development
2445,development
2446,development
2447,test
2448,development
2449,development
2450,development
2451,development
2452,test
2453,development
2454,development
2455,test
2456,development
2457,test
2458,development
2459,development
2460,development
2461,test
2462,development
2463,development
2464,development
2465,development
2466,development
2467,development
2468,development
2469,test
2470,development
2471,development
2472,development
2473,test
2474,development
2475,development
2476,development
2477,development
2478,development
2479,test
2480,development
2481,development
2482,development
2483,test
2484,development
2485,development
2486,development
2487,test
2488,development
2489,development
2490,development
2491,development
2492,development
2493,development
2494,test
2495,development
2496,development
2497,development
2498,development
2499,development
2500,test
2501,test
2502,development
2503,development
2504,development
2505,development
2506,development
2507,development
2508,development
2509,development
2510,test
2511,development
2512,development
2513,development
2514,development
2515,test
2516,development
2517,development
2518,development
2519,test
2520,development
2521,development
2522,development
2523,test
2524,development
2525,development
2526,development
2527,development
2528,development
2529,development
2530,development
2531,development
2532,development
2533,development
2534,development
2535,development
2536,test
2537,test
2538,development
2539,development
2540,development
2541,development
2542,development
2543,development
2544,development
2545,development
2546,development
2547,development
2548,test
2549,development
2550,development
2551,development
2552,development
2553,development
2554,development
2555,development
2556,development
2557,development
2558,development
2559,development
2560,development
2561,development
2562,development
2563,development
2564,development
2565,development
2566,test
2567,test
2568,development
2569,development
2570,development
2571,development
2572,development
2573,development
2574,test
2575,development
2576,development
2577,development
2578,test
2579,development
2580,test
2581,development
2582,development
2583,development
2584,development
2585,development
2586,development
2587,development
2588,development
2589,development
2590,development
2591,development
2592,development
2593,development
2594,development
2595,development
2596,development
2597,development
2598,development
2599,development
2600,development
2601,development
2602,development
2603,development
2604,development
2605,development
2606,development
2607,development
2608,development
2609,test
2610,development
2611,development
2612,development
2613,development
2614,development
2615,test
2616,development
2617,development
2618,development
2619,development
2620,development
2621,development
2622,development
2623,development
2624,development
2625,development
2626,development
2627,development
2628,development
2629,development
2630,development
2631,development
2632,development
2633,development
2634,test
2635,test
2636,development
2637,development
2638,development
2639,test
2640,test
2641,development
2642,test
2643,development
2644,development
2645,test
2646,test
2647,development
2648,test
2649,development
2650,development
2651,development
2652,test
2653,development
2654,development
2655,test
2656,development
2657,development
2658,development
2659,development
2660,development
2661,development
2662,development
2663,development
2664,development
2665,development
2666,development
2667,development
2668,test
2669,development
2670,test
2671,development
2672,development
2673,development
2674,development
2675,development
2676,test
2677,development
2678,test
2679,development
2680,development
2681,development
2682,development
2683,development
2684,development
2685,development
2686,development
2687,development
2688,development
2689,development
2690,test
2691,development
2692,development
2693,development
2694,development
2695,test
2696,development
2697,development
2698,development
2699,development
2700,development
2701,development
2702,development
2703,development
2704,development
2705,development
2706,development
2707,development
2708,development
2709,development
2710,development
2711,test
2712,development
2713,test
2714,development
2715,test
2716,development
2717,development
2718,development
2719,development
2720,test
2721,development
2722,development
2723,development
2724,development
2725,test
2726,development
2727,development
2728,development
2729,development
2730,development
2731,test
2732,development
2733,development
2734,development
2735,development
2736,development
2737,development
2738,development
2739,development
2740,development
2741,development
2742,development
2743,development
2744,development
2745,development
2746,development
2747,development
2748,development
2749,development
2750,test
2751,test
2752,development
2753,development
2754,development
2755,development
2756,test
2757,test
2758,development
2759,development
2760,development
2761,development
2762,development
2763,development
2764,development
2765,development
2766,development
2767,development
2768,development
2769,development
2770,development
2771,development
2772,development
2773,development
2774,development
2775,test
2776,development
2777,test
2778,test
2779,development
2780,development
2781,development
2782,development
2783,development
2784,development
2785,development
2786,development
2787,development
2788,test
2789,development
2790,development
2791,development
2792,development
2793,development
2794,development
2795,test
2796,test
2797,test
2798,test
2799,development
2800,test
2801,test
2802,development
2803,development
2804,development
2805,development
2806,test
2807,development
2808,development
2809,development
2810,development
2811,development
2812,test
2813,development
2814,test
2815,development
2816,development
2817,test
2818,development
2819,development
2820,development
2821,development
2822,test
2823,development
2824,development
2825,development
2826,test
2827,development
2828,development
2829,development
2830,development
2831,development
2832,development
2833,test
2834,development
2835,test
2836,development
2837,development
2838,development
2839,test
2840,test
2841,development
2842,development
2843,development
2844,test
2845,development
2846,development
2847,development
2848,development
2849,development
2850,development
2851,test
2852,development
2853,test
2854,test
2855,development
2856,development
2857,development
2858,development
2859,development
2860,development
2861,development
2862,test
2863,development
2864,test
2865,test
2866,test
2867,development
2868,development
2869,development
2870,development
2871,development
2872,development
2873,development
2874,development
2875,development
2876,development
2877,test
2878,test
2879,development
2880,development
2881,development
2882,development
2883,test
2884,development
2885,development
2886,development
2887,test
2888,development
2889,development
2890,development
2891,development
2892,development
2893,development
2894,development
2895,development
2896,test
2897,development
2898,development
2899,development
2900,development
2901,test
2902,development
2903,development
2904,development
2905,development
2906,development
2907,development
2908,development
2909,test
2910,development
2911,development
2912,development
2913,development
2914,development
2915,test
2916,development
2917,development
2918,development
2919,development
2920,development
2921,development
2922,development
2923,development
2924,development
2925,test
2926,development
2927,development
2928,development
2929,test
2930,development
2931,development
2932,development
2933,development
2934,development
2935,development
2936,development
2937,development
2938,test
2939,test
2940,test
2941,development
2942,test
2943,development
2944,development
2945,development
2946,development
2947,development
2948,development
2949,development
2950,test
2951,test
2952,test
2953,development
2954,development
2955,development
2956,development
2957,development
2958,development
2959,development
2960,development
2961,test
2962,development
2963,development
2964,test
2965,test
2966,development
2967,test
2968,test
2969,development
2970,development
2971,development
2972,development
2973,development
2974,development
2975,development
2976,development
2977,development
2978,development
2979,development
2980,test
2981,development
2982,test
2983,development
2984,development
2985,development
2986,development
2987,development
2988,development
2989,test
2990,development
2991,development
2992,development
2993,development
2994,development
2995,test
2996,development
2997,development
2998,test
2999,test
3000,development
3001,test
3002,test
3003,development
3004,development
3005,development
3006,test
3007,development
3008,development
3009,development
3010,development
3011,development
3012,test
3013,development
3014,test
3015,development
3016,development
3017,development
3018,development
3019,development
3020,development
3021,test
3022,development
3023,test
3024,development
3025,development
3026,development
3027,test
3028,development
3029,development
3030,test
3031,development
3032,development
3033,development
3034,development
3035,test
3036,development
3037,development
3038,development
3039,development
3040,development
3041,development
3042,development
3043,test
3044,development
3045,development
3046,test
3047,development
3048,test
3049,test
3050,development
3051,test
3052,development
3053,development
3054,development
3055,development
3056,development
3057,development
3058,development
3059,development
3060,development
3061,development
3062,test
3063,test
3064,test
3065,test
3066,development
3067,development
3068,test
3069,development
3070,development
3071,test
3072,development
3073,test
3074,test
3075,development
3076,development
3077,development
3078,test
3079,development
3080,development
3081,test
3082,development
3083,development
3084,development
3085,development
3086,development
3087,test
3088,development
3089,development
3090,test
3091,development
3092,development
3093,development
3094,development
3095,development
3096,development
3097,test
3098,development
3099,development
3100,development
3101,test
3102,development
3103,development
3104,development
3105,development
3106,test
3107,development
3108,development
3109,development
3110,development
3111,development
3112,development
3113,development
3114,development
3115,development
3116,development
3117,development
3118,development
3119,development
3120,development
3121,development
3122,test
3123,development
3124,development
3125,test
3126,test
3127,development
3128,development
3129,development
3130,development
3131,development
3132,development
3133,development
3134,development
3135,development
3136,development
3137,test
3138,test
3139,test
3140,test
3141,development
3142,development
3143,development
3144,development
3145,development
3146,development
3147,development
3148,test
3149,development
3150,development
3151,test
3152,development
3153,development
3154,development
3155,development
3156,development
3157,development
3158,test
3159,development
3160,test
3161,development
3162,development
3163,development
3164,test
3165,development
3166,development
3167,development
3168,development
3169,development
3170,development
3171,development
3172,development
3173,test
3174,test
3175,development
3176,development
3177,development
3178,development
3179,development
3180,test
3181,development
3182,test
3183,development
3184,development
3185,development
3186,development
3187,development
3188,test
3189,development
3190,development
3191,development
3192,development
3193,development
3194,development
3195,development
3196,test
3197,development
3198,test
3199,development
3200,development
3201,development
3202,development
3203,development
3204,development
3205,development
3206,test
3207,development
3208,development
3209,development
3210,development
3211,development
3212,test
3213,development
3214,development
3215,development
3216,test
3217,test
3218,development
3219,development
3220,development
3221,test
3222,development
3223,development
3224,development
3225,development
3226,development
3227,development
3228,development
3229,development
3230,development
3231,development
3232,development
3233,development
3234,development
3235,development
3236,development
3237,development
3238,test
3239,development
3240,development
3241,development
3242,development
3243,test
3244,development
3245,development
3246,test
3247,test
3248,development
3249,development
3250,development
3251,development
3252,development
3253,development
3254,development
3255,test
3256,development
3257,development
3258,test
3259,development
3260,development
3261,development
3262,development
3263,development
3264,development
3265,development
3266,development
3267,development
3268,test
3269,development
3270,test
3271,development
3272,development
3273,test
3274,development
3275,development
3276,development
3277,development
3278,development
3279,development
3280,development
3281,development
3282,development
3283,development
3284,test
3285,test
3286,development
3287,development
3288,development
3289,development
3290,development
3291,development
3292,development
3293,test
3294,development
3295,development
3296,development
3297,development
3298,development
3299,development
3300,test
3301,development
3302,development
3303,development
3304,development
3305,development
3306,test
3307,test
3308,development
3309,development
3310,development
3311,development
3312,development
3313,development
3314,test
3315,development
3316,development
3317,development
3318,development
3319,test
3320,test
3321,development
3322,development
3323,development
3324,development
3325,test
3326,development
3327,test
3328,development
3329,test
3330,development
3331,development
3332,test
3333,development
3334,development
3335,development
3336,development
3337,development
3338,development
3339,development
3340,development
3341,development
3342,development
3343,development
3344,development
3345,test
3346,development
3347,test
3348,test
3349,test
3350,development
3351,development
3352,development
3353,development
3354,test
3355,development
3356,development
3357,development
3358,development
3359,development
3360,development
3361,test
3362,development
3363,development
3364,development
3365,development
3366,development
3367,development
3368,test
3369,development
3370,development
3371,development
3372,development
3373,development
3374,development
3375,test
3376,development
3377,development
3378,development
3379,development
3380,test
3381,development
3382,development
3383,test
3384,development
3385,development
3386,development
3387,test
3388,development
3389,development
3390,development
3391,development
3392,test
3393,development
3394,test
3395,development
3396,test
3397,development
3398,development
3399,development
3400,development
3401,development
3402,development
3403,development
3404,development
3405,development
3406,development
3407,development
3408,development
3409,development
3410,development
3411,development
3412,development
3413,development
3414,development
3415,test
3416,test
3417,development
3418,development
3419,development
3420,development
3421,development
3422,development
3423,test
3424,test
3425,development
3426,test
3427,development
3428,test
3429,development
3430,development
3431,test
3432,test
3433,development
3434,development
3435,development
3436,development
3437,test
3438,development
3439,development
3440,development
3441,development
3442,test
3443,development
3444,test
3445,development
3446,development
3447,development
3448,development
3449,development
3450,development
3451,development
3452,development
3453,development
3454,development
3455,development
3456,test
3457,test
3458,development
3459,test
3460,development
3461,development
3462,development
3463,development
3464,test
3465,development
3466,test
3467,development
3468,test
3469,development
3470,development
3471,development
3472,test
3473,test
3474,development
3475,development
3476,development
3477,development
3478,test
3479,development
3480,test
3481,development
3482,development
3483,development
3484,development
3485,development
3486,development
3487,development
3488,development
3489,development
3490,development
3491,development
3492,development
3493,development
3494,test
3495,development
3496,development
3497,test
3498,development
3499,test
3500,test
3501,development
3502,development
3503,test
3504,development
3505,development
3506,test
3507,development
3508,development
3509,development
3510,test
3511,development
3512,development
3513,test
3514,development
3515,test
3516,development
3517,development
3518,test
3519,test
3520,development
3521,test
3522,test
3523,development
3524,test
3525,development
3526,test
3527,development
3528,development
3529,development
3530,development
3531,test
3532,development
3533,test
3534,development
3535,development
3536,development
3537,development
3538,development
3539,development
3540,development
3541,test
3542,test
3543,development
3544,development
3545,development
3546,test
3547,development
3548,development
3549,test
3550,test
3551,development
3552,test
3553,development
3554,development
3555,development
3556,development
3557,development
3558,test
3559,development
3560,development
3561,development
3562,test
3563,development
3564,development
3565,development
3566,test
3567,test
3568,development
3569,development
3570,development
3571,development
3572,test
3573,development
3574,development
3575,development
3576,development
3577,development
3578,development
3579,development
3580,development
3581,development
3582,development
3583,test
3584,development
3585,test
3586,development
3587,development
3588,test
3589,development
3590,development
3591,test
3592,development
3593,development
3594,test
3595,development
3596,development
3597,test
3598,development
3599,development
3600,test
3601,development
3602,development
3603,development
3604,development
3605,development
3606,development
3607,development
3608,development
3609,development
3610,development
3611,development
3612,development
3613,development
3614,development
3615,development
3616,development
3617,development
3618,development
3619,development
3620,development
3621,test
3622,development
3623,test
3624,test
3625,test
3626,development
3627,development
3628,development
3629,test
3630,development
3631,test
3632,development
3633,development
3634,test
3635,development
3636,development
3637,development
3638,test
3639,test
3640,development
3641,development
3642,development
3643,development
3644,development
3645,development
3646,development
3647,test
3648,test
3649,development
3650,development
3651,development
3652,development
3653,development
3654,development
3655,development
3656,development
3657,development
3658,development
3659,development
3660,test
3661,development
3662,development
3663,development
3664,development
3665,development
3666,test
3667,development
3668,development
3669,development
3670,development
3671,development
3672,development
3673,development
3674,development
3675,development
3676,development
3677,development
3678,development
3679,development
3680,development
3681,test
3682,development
3683,development
3684,development
3685,development
3686,development
3687,development
3688,development
3689,development
3690,development
3691,development
3692,development
3693,development
3694,test
3695,development
3696,development
3697,test
3698,development
3699,development
3700,development
3701,development
3702,development
3703,development
3704,development
3705,development
3706,development
3707,test
3708,development
3709,development
3710,development
3711,development
3712,test
3713,development
3714,development
3715,development
3716,development
3717,development
3718,development
3719,development
3720,development
3721,development
3722,development
3723,development
3724,development
3725,development
3726,development
3727,development
3728,development
3729,development
3730,development
3731,development
3732,test
3733,development
3734,development
3735,development
3736,development
3737,development
3738,development
3739,test
3740,development
3741,test
3742,development
3743,development
3744,development
3745,development
3746,development
3747,development
3748,development
3749,development
3750,development
3751,development
3752,development
3753,test
3754,development
3755,development
3756,development
3757,development
3758,test
3759,development
3760,development
3761,development
3762,test
3763,test
3764,development
3765,development
3766,development
3767,development
3768,development
3769,development
3770,development
3771,development
3772,development
3773,development
3774,development
3775,development
3776,development
3777,development
3778,development
3779,development
3780,development
3781,development
3782,development
3783,development
3784,test
3785,development
3786,development
3787,development
3788,development
3789,development
3790,test
3791,test
3792,development
3793,development
3794,development
3795,test
3796,development
3797,development
3798,test
3799,test
3800,development
3801,development
3802,development
3803,development
3804,development
3805,test
3806,development
3807,development
3808,development
3809,development
3810,development
3811,development
3812,development
3813,development
3814,test
3815,development
3816,development
3817,development
3818,test
3819,development
3820,development
3821,development
3822,development
3823,development
3824,development
3825,development
3826,development
3827,development
3828,development
3829,development
3830,development
3831,development
3832,test
3833,development
3834,development
3835,development
3836,development
3837,test
3838,test
3839,development
3840,development
3841,test
3842,development
3843,development
3844,development
3845,development
3846,development
3847,development
3848,test
3849,development
3850,development
3851,test
3852,test
3853,development
3854,development
3855,development
3856,development
3857,development
3858,development
3859,development
3860,development
3861,development
3862,development
3863,test
3864,development
3865,development
3866,development
3867,test
3868,development
3869,test
3870,test
3871,development
3872,development
3873,development
3874,development
3875,development
3876,development
3877,development
3878,development
3879,test
3880,development
3881,development
3882,test
3883,development
3884,development
3885,development
3886,development
3887,development
3888,test
3889,test
3890,development
3891,development
3892,test
3893,development
3894,development
3895,development
3896,development
3897,test
3898,development
3899,development
3900,development
3901,test
3902,development
3903,development
3904,development
3905,development
3906,development
3907,development
3908,development
3909,development
3910,development
3911,development
3912,development
3913,development
3914,development
3915,test
3916,development
3917,development
3918,development
3919,test
3920,development
3921,development
3922,development
3923,development
3924,development
3925,test
3926,development
3927,development
3928,development
3929,development
3930,development
3931,development
3932,development
3933,development
3934,development
3935,development
3936,development
3937,development
3938,development
3939,development
3940,development
3941,test
3942,test
3943,development
3944,development
3945,development
3946,test
3947,development
3948,development
3949,test
3950,development
3951,development
3952,development
3953,development
3954,development
3955,development
3956,development
3957,test
3958,development
3959,development
3960,development
3961,development
3962,development
3963,development
3964,development
3965,development
3966,development
3967,development
3968,development
3969,test
3970,development
3971,test
3972,development
3973,development
3974,development
3975,development
3976,development
3977,development
3978,development
3979,test
3980,development
3981,test
3982,development
3983,test
3984,development
3985,development
3986,development
3987,development
3988,test
3989,development
3990,development
3991,development
3992,development
3993,development
3994,development
3995,development
3996,development
3997,development
3998,development
3999,development
4000,development
4001,development
4002,test
4003,development
4004,development
4005,test
4006,test
4007,development
4008,development
4009,development
4010,development
4011,development
4012,development
4013,development
4014,development
4015,test
4016,development
4017,development
4018,development
4019,development
4020,development
4021,development
4022,development
4023,development
4024,development
4025,test
4026,test
4027,development
4028,development
4029,development
4030,development
4031,development
4032,development
4033,development
4034,development
4035,development
4036,development
4037,development
4038,development
4039,development
4040,development
4041,development
4042,development
4043,development
4044,development
4045,development
4046,development
4047,development
4048,development
4049,test
4050,development
4051,development
4052,development
4053,development
4054,test
4055,development
4056,development
4057,development
4058,development
4059,development
4060,development
4061,development
4062,development
4063,development
4064,development
4065,development
4066,development
4067,development
4068,development
4069,test
4070,development
4071,development
4072,development
4073,development
4074,test
4075,development
4076,development
4077,test
4078,development
4079,development
4080,development
4081,development
4082,development
4083,test
4084,development
4085,test
4086,development
4087,development
4088,development
4089,development
4090,development
4091,development
4092,development
4093,development
4094,development
4095,development
4096,development
4097,test
4098,development
4099,development
4100,development
4101,test
4102,development
4103,development
4104,development
4105,development
4106,development
4107,development
4108,test
4109,test
4110,development
4111,development
4112,development
4113,development
4114,development
4115,development
4116,development
4117,development
4118,development
4119,development
4120,development
4121,development
4122,test
4123,development
4124,development
4125,development
4126,development
4127,development
4128,development
4129,development
4130,development
4131,development
4132,test
4133,development
4134,development
4135,development
4136,development
4137,development
4138,development
4139,development
4140,development
4141,development
4142,test
4143,test
4144,development
4145,development
4146,development
4147,test
4148,development
4149,test
4150,development
4151,test
4152,development
4153,development
4154,development
4155,development
4156,development
4157,development
4158,development
4159,development
4160,development
4161,development
4162,development
4163,development
4164,development
4165,development
4166,development
4167,development
4168,development
4169,development
4170,development
4171,test
4172,development
4173,development
4174,development
4175,test
4176,development
4177,development
4178,development
4179,test
4180,development
4181,development
4182,development
4183,test
4184,test
4185,development
4186,development
4187,development
4188,development
4189,development
4190,development
4191,test
4192,test
4193,test
4194,development
4195,development
4196,development
4197,development
4198,development
4199,development
4200,development
4201,development
4202,test
4203,development
4204,test
4205,development
4206,development
4207,development
4208,development
4209,development
4210,development
4211,development
4212,development
4213,development
4214,development
4215,development
4216,development
4217,test
4218,development
4219,development
4220,development
4221,test
4222,development
4223,development
4224,test
4225,development
4226,development
4227,development
4228,development
4229,development
4230,development
4231,development
4232,development
4233,development
4234,development
4235,development
4236,development
4237,test
4238,development
4239,test
4240,test
4241,development
4242,development
4243,test
4244,development
4245,test
4246,development
4247,development
4248,development
4249,test
4250,development
4251,development
4252,test
4253,development
4254,development
4255,development
4256,development
4257,development
4258,development
4259,development
4260,test
4261,development
4262,development
4263,development
4264,development
4265,development
4266,development
4267,test
4268,development
4269,development
4270,test
4271,development
4272,development
4273,development
4274,development
4275,development
4276,development
4277,development
4278,development
4279,development
4280,development
4281,development
4282,development
4283,development
4284,development
4285,development
4286,development
4287,development
4288,development
4289,development
4290,development
4291,development
4292,development
4293,development
4294,development
4295,development
4296,development
4297,test
4298,development
4299,development
4300,test
4301,development
4302,development
4303,development
4304,development
4305,development
4306,development
4307,test
4308,development
4309,development
4310,development
4311,test
4312,development
4313,development
4314,development
4315,development
4316,development
4317,test
4318,development
4319,development
4320,development
4321,development
4322,development
4323,development
4324,development
4325,development
4326,development
4327,development
4328,development
4329,test
4330,development
4331,development
4332,development
4333,test
4334,test
4335,development
4336,development
4337,test
4338,test
4339,development
4340,test
4341,development
4342,development
4343,test
4344,development
4345,test
4346,development
4347,development
4348,test
4349,test
4350,test
4351,test
4352,development
4353,development
4354,development
4355,test
4356,development
4357,test
4358,development
4359,development
4360,development
4361,development
4362,development
4363,development
4364,development
4365,test
4366,development
4367,development
4368,development
4369,development
4370,development
4371,development
4372,development
4373,development
4374,development
4375,development
4376,development
4377,development
4378,development
4379,development
4380,development
4381,development
4382,test
4383,development
4384,test
4385,development
4386,test
4387,test
4388,test
4389,development
4390,test
4391,test
4392,development
4393,development
4394,development
4395,test
4396,development
4397,development
4398,development
4399,development
4400,development
4401,development
4402,development
4403,development
4404,development
4405,development
4406,test
4407,development
4408,development
4409,development
4410,development
4411,test
4412,development
4413,test
4414,development
4415,development
4416,test
4417,development
4418,development
4419,development
4420,development
4421,development
4422,development
4423,test
4424,test
4425,development
4426,development
4427,test
4428,development
4429,test
4430,development
4431,development
4432,development
4433,test
4434,development
4435,development
4436,development
4437,development
4438,development
4439,development
4440,development
4441,test
4442,development
4443,development
4444,development
4445,test
4446,development
4447,development
4448,development
4449,development
4450,development
4451,development
4452,test
4453,development
4454,development
4455,development
4456,development
4457,development
4458,development
4459,development
4460,test
4461,test
4462,development
4463,development
4464,development
4465,development
4466,development
4467,development
4468,development
4469,development
4470,development
4471,development
4472,development
4473,test
4474,development
4475,development
4476,development
4477,development
4478,development
4479,development
4480,development
4481,development
4482,development
4483,development
4484,test
4485,test
4486,development
4487,development
4488,development
4489,test
4490,development
4491,test
4492,development
4493,test
4494,test
4495,test
4496,development
4497,development
4498,development
4499,development
4500,test
4501,development
4502,development
4503,development
4504,development
4505,test
4506,development
4507,development
4508,test
4509,development
4510,development
4511,development
4512,development
4513,development
4514,development
4515,development
4516,development
4517,development
4518,test
4519,development
4520,development
4521,development
4522,development
4523,development
4524,test
4525,development
4526,development
4527,test
4528,test
4529,development
4530,test
4531,development
4532,development
4533,development
4534,test
4535,development
4536,development
4537,development
4538,test
4539,test
4540,development
4541,test
4542,development
4543,development
4544,test
4545,development
4546,development
4547,test
4548,development
4549,development
4550,development
4551,development
4552,development
4553,development
4554,development
4555,development
4556,development
4557,development
4558,development
4559,development
4560,development
4561,development
4562,development
4563,test
4564,development
4565,development
4566,development
4567,development
4568,development
4569,development
4570,development
4571,development
4572,development
4573,test
4574,development
4575,test
4576,development
4577,development
4578,development
4579,development
4580,development
4581,development
4582,test
4583,development
4584,development
4585,development
4586,test
4587,development
4588,development
4589,development
4590,development
4591,development
4592,development
4593,development
4594,development
4595,development
4596,development
4597,development
4598,development
4599,development
4600,test
4601,development
4602,development
4603,development
4604,development
4605,development
4606,development
4607,test
4608,development
4609,development
4610,test
4611,development
4612,test
4613,development
4614,development
4615,development
4616,development
4617,test
4618,development
4619,test
4620,development
4621,development
4622,test
4623,development
4624,development
4625,development
4626,test
4627,development
4628,development
4629,development
4630,development
4631,development
4632,test
4633,development
4634,development
4635,development
4636,development
4637,development
4638,development
4639,test
4640,development
4641,development
4642,development
4643,development
4644,development
4645,development
4646,development
4647,test
4648,development
4649,test
4650,development
4651,development
4652,development
4653,test
4654,development
4655,development
4656,test
4657,development
4658,development
4659,development
4660,test
4661,development
4662,development
4663,development
4664,test
4665,development
4666,development
4667,test
4668,test
4669,development
4670,development
4671,development
4672,development
4673,development
4674,development
4675,development
4676,development
4677,development
4678,test
4679,test
4680,development
4681,development
4682,development
4683,development
4684,development
4685,test
4686,test
4687,development
4688,development
4689,development
4690,test
4691,development
4692,test
4693,development
4694,development
4695,test
4696,development
4697,development
4698,development
4699,development
4700,development
4701,development
4702,development
4703,test
4704,development
4705,development
4706,development
4707,test
4708,development
4709,development
4710,development
4711,development
4712,test
4713,test
4714,development
4715,test
4716,development
4717,development
4718,development
4719,development
4720,development
4721,development
4722,development
4723,development
4724,development
4725,development
4726,development
4727,development
4728,development
4729,development
4730,development
4731,development
4732,development
4733,development
4734,development
4735,development
4736,development
4737,development
4738,test
4739,development
4740,development
4741,development
4742,development
4743,development
4744,development
4745,test
4746,development
4747,development
4748,development
4749,development
4750,test
4751,development
4752,development
4753,test
4754,development
4755,test
4756,test
4757,test
4758,development
4759,development
4760,test
4761,development
4762,test
4763,development
4764,development
4765,development
4766,development
4767,development
4768,test
4769,development
4770,development
4771,development
4772,development
4773,development
4774,development
4775,development
4776,test
4777,development
4778,test
4779,development
4780,development
4781,development
4782,development
4783,development
4784,development
4785,development
4786,development
4787,development
4788,development
4789,development
4790,development
4791,development
4792,development
4793,development
4794,development
4795,development
4796,development
4797,development
4798,development
4799,test
4800,development
4801,development
4802,development
4803,development
4804,development
4805,development
4806,development
4807,development
4808,test
4809,test
4810,development
4811,development
4812,development
4813,test
4814,development
4815,development
4816,test
4817,development
4818,development
4819,development
4820,development
4821,development
4822,development
4823,development
4824,development
4825,development
4826,test
4827,test
4828,test
4829,development
4830,development
4831,development
4832,development
4833,development
4834,test
4835,test
4836,development
4837,development
4838,development
4839,development
4840,test
4841,development
4842,development
4843,development
4844,development
4845,development
4846,development
4847,development
4848,development
4849,development
4850,test
4851,development
4852,development
4853,test
4854,test
4855,development
4856,development
4857,development
4858,test
4859,development
4860,development
4861,development
4862,test
4863,test
4864,development
4865,development
4866,development
4867,development
4868,development
4869,test
4870,development
4871,development
4872,test
4873,development
4874,development
4875,test
4876,development
4877,test
4878,development
4879,development
4880,development
4881,development
4882,development
4883,development
4884,test
4885,test
4886,development
4887,test
4888,development
4889,development
4890,test
4891,development
4892,development
4893,development
4894,test
4895,development
4896,test
4897,development
4898,development
4899,development
4900,test
4901,test
4902,test
4903,development
4904,development
4905,test
4906,development
4907,development
4908,development
4909,development
4910,development
4911,development
4912,development
4913,development
4914,development
4915,development
4916,development
4917,development
4918,development
4919,development
4920,development
4921,development
4922,development
4923,test
4924,development
4925,development
4926,development
4927,development
4928,development
4929,development
4930,development
4931,test
4932,development
4933,test
4934,development
4935,development
4936,development
4937,development
4938,development
4939,test
4940,development
4941,development
4942,development
4943,test
4944,development
4945,development
4946,development
4947,development
4948,test
4949,development
4950,development
4951,development
4952,development
4953,development
4954,development
4955,test
4956,development
4957,test
4958,development
4959,development
4960,development
4961,development
4962,development
4963,development
4964,test
4965,development
4966,development
4967,development
4968,development
4969,development
4970,development
4971,test
4972,development
4973,development
4974,development
4975,development
4976,development
4977,development
4978,development
4979,development
4980,development
4981,development
4982,test
4983,development
4984,test
4985,development
4986,development
4987,development
4988,development
4989,development
4990,development
4991,development
4992,development
4993,development
4994,test
4995,development
4996,development
4997,development
4998,development
4999,development
5000,development
5001,development
5002,development
5003,test
5004,development
5005,development
5006,development
5007,development
5008,development
5009,development
5010,test
5011,development
5012,development
5013,test
5014,development
5015,development
5016,test
5017,development
5018,development
5019,development
5020,development
5021,development
5022,development
5023,development
5024,development
5025,development
5026,development
5027,development
5028,development
5029,development
5030,development
5031,development
5032,development
5033,test
5034,development
5035,development
5036,development
5037,development
5038,development
5039,development
5040,development
5041,development
5042,development
5043,test
5044,development
5045,development
5046,test
5047,test
5048,development
5049,development
5050,development
5051,test
5052,development
5053,development
5054,test
5055,development
5056,development
5057,test
5058,development
5059,development
5060,development
5061,development
5062,development
5063,development
5064,development
5065,development
5066,development
5067,development
5068,test
5069,development
5070,development
5071,test
5072,development
5073,development
5074,development
5075,test
5076,test
5077,development
5078,development
5079,development
5080,test
5081,development
5082,development
5083,development
5084,development
5085,development
5086,development
5087,test
5088,development
5089,development
5090,development
5091,development
5092,development
5093,development
5094,development
5095,test
5096,development
5097,development
5098,development
5099,development
5100,development
5101,development
5102,test
5103,development
5104,test
5105,development
5106,development
5107,test
5108,development
5109,development
5110,development
5111,test
5112,development
5113,test
5114,development
5115,development
5116,development
5117,development
5118,development
5119,development
5120,development
5121,test
5122,development
5123,development
5124,development
5125,development
5126,development
5127,development
5128,development
5129,development
5130,development
5131,development
5132,development
5133,development
5134,development
5135,test
5136,development
5137,development
5138,development
5139,test
5140,development
5141,development
5142,development
5143,development
5144,development
5145,development
5146,development
5147,development
5148,test
5149,development
5150,test
5151,development
5152,test
5153,test
5154,development
5155,development
5156,development
5157,development
5158,development
5159,development
5160,development
5161,development
5162,development
5163,development
5164,development
5165,test
5166,development
5167,development
5168,development
5169,development
5170,development
5171,development
5172,development
5173,development
5174,development
5175,development
5176,development
5177,development
5178,development
5179,development
5180,test
5181,development
5182,development
5183,development
5184,development
5185,development
5186,development
5187,development
5188,test
5189,development
5190,development
5191,development
5192,development
5193,development
5194,development
5195,development
5196,development
5197,test
5198,development
5199,development
5200,development
5201,development
5202,development
5203,development
5204,development
5205,test
5206,development
5207,development
5208,development
5209,development
5210,development
5211,development
5212,test
5213,test
5214,test
5215,test
5216,development
5217,test
5218,test
5219,development
5220,development
5221,development
5222,test
5223,test
5224,development
5225,development
5226,development
5227,test
5228,development
5229,development
5230,test
5231,development
5232,development
5233,development
5234,development
5235,development
5236,development
5237,test
5238,development
5239,development
5240,development
5241,development
5242,development
5243,development
5244,test
5245,development
5246,development
5247,test
5248,development
5249,test
5250,development
5251,development
5252,development
5253,development
5254,development
5255,development
5256,test
5257,development
5258,development
5259,development
5260,development
5261,development
5262,test
5263,development
5264,test
5265,development
5266,development
5267,development
5268,development
5269,development
5270,development
5271,development
5272,development
5273,development
5274,development
5275,development
5276,development
5277,development
5278,development
5279,development
5280,development
5281,development
5282,development
5283,development
5284,development
5285,development
5286,development
5287,development
5288,development
5289,development
5290,development
5291,test
5292,development
5293,development
5294,development
5295,development
5296,development
5297,development
5298,development
5299,development
5300,development
5301,development
5302,development
5303,development
5304,development
5305,development
5306,development
5307,development
5308,development
5309,development
5310,development
5311,test
5312,development
5313,development
5314,test
5315,development
5316,development
5317,development
5318,development
5319,development
5320,test
5321,development
5322,development
5323,development
5324,development
5325,test
5326,development
5327,development
5328,development
5329,test
5330,development
5331,development
5332,development
5333,development
5334,development
5335,development
5336,development
5337,development
5338,development
5339,test
5340,development
5341,development
5342,development
5343,test
5344,test
5345,development
5346,development
5347,development
5348,development
5349,development
5350,development
5351,development
5352,development
5353,development
5354,development
5355,development
5356,development
5357,development
5358,development
5359,development
5360,development
5361,development
5362,development
5363,test
5364,development
5365,development
5366,development
5367,test
5368,development
5369,development
5370,development
5371,test
5372,development
5373,development
5374,development
5375,development
5376,development
5377,development
5378,development
5379,development
5380,development
5381,development
5382,test
5383,test
5384,development
5385,development
5386,development
5387,development
5388,development
5389,development
5390,development
5391,development
5392,development
5393,development
5394,development
5395,development
5396,development
5397,development
5398,development
5399,test
5400,development
5401,development
5402,development
5403,development
5404,development
5405,development
5406,development
5407,test
5408,development
5409,test
5410,development
5411,development
5412,development
5413,development
5414,development
5415,test
5416,development
5417,development
5418,development
5419,development
5420,development
5421,development
5422,development
5423,development
5424,development
5425,test
5426,development
5427,development
5428,development
5429,development
5430,development
5431,test
5432,development
5433,development
5434,development
5435,development
5436,development
5437,test
5438,development
5439,development
5440,development
5441,development
5442,test
5443,development
5444,test
5445,development
5446,development
5447,test
5448,development
5449,development
5450,development
5451,development
5452,test
5453,development
5454,development
5455,development
5456,development
5457,development
5458,development
5459,development
5460,development
5461,test
5462,development
5463,development
5464,development
5465,development
5466,development
5467,test
5468,development
5469,test
5470,development
5471,development
5472,development
5473,development
5474,development
5475,development
5476,development
5477,development
5478,development
5479,development
5480,test
5481,development
5482,development
5483,development
5484,development
5485,development
5486,test
5487,development
5488,development
5489,development
5490,development
5491,development
5492,development
5493,development
5494,development
5495,development
5496,development
5497,development
5498,development
5499,development
5500,test
5501,development
5502,development
5503,development
5504,development
5505,development
5506,development
5507,test
5508,development
5509,development
5510,development
5511,development
5512,test
5513,test
5514,development
5515,development
5516,development
5517,development
5518,development
5519,development
5520,development
5521,development
5522,development
5523,development
5524,test
5525,test
5526,development
5527,test
5528,development
5529,development
5530,test
5531,development
5532,development
5533,development
5534,development
5535,test
5536,development
5537,development
5538,development
5539,development
5540,development
5541,development
5542,development
5543,development
5544,development
5545,development
5546,development
5547,development
5548,development
5549,test
5550,development
5551,development
5552,development
5553,development
5554,development
5555,development
5556,test
5557,development
5558,development
5559,development
5560,development
5561,development
5562,test
5563,development
5564,development
5565,test
5566,development
5567,development
5568,development
5569,development
5570,development
5571,test
5572,development
5573,development
5574,test
5575,development
5576,development
5577,test
5578,test
5579,development
5580,development
5581,development
5582,development
5583,test
5584,development
5585,development
5586,development
5587,development
5588,development
5589,development
5590,development
5591,development
5592,development
5593,development
5594,development
5595,development
5596,development
5597,development
5598,development
5599,test
5600,test
5601,test
5602,development
5603,development
5604,development
5605,development
5606,development
5607,development
5608,development
5609,development
5610,development
5611,test
5612,development
5613,development
5614,development
5615,test
5616,development
5617,development
5618,development
5619,development
5620,development
5621,development
5622,test
5623,development
5624,development
5625,development
5626,development
5627,development
5628,test
5629,test
5630,development
5631,test
5632,development
5633,development
5634,development
5635,test
5636,test
5637,development
5638,development
5639,development
5640,test
5641,development
5642,development
5643,development
5644,development
5645,development
5646,development
5647,development
5648,development
5649,development
5650,development
5651,development
5652,development
5653,development
5654,development
5655,development
5656,development
5657,development
5658,development
5659,development
5660,development
5661,development
5662,development
5663,test
5664,development
5665,development
5666,development
5667,development
5668,development
5669,test
5670,development
5671,development
5672,development
5673,test
5674,test
5675,development
5676,test
5677,development
5678,development
5679,test
5680,development
5681,development
5682,development
5683,development
5684,development
5685,development
5686,development
5687,test
5688,development
5689,development
5690,development
5691,development
5692,development
5693,test
5694,development
5695,test
5696,development
5697,development
5698,development
5699,development
5700,development
5701,development
5702,development
5703,test
5704,development
5705,development
5706,development
5707,development
5708,development
5709,development
5710,development
5711,development
5712,development
5713,test
5714,development
5715,test
5716,test
5717,development
5718,development
5719,development
5720,test
5721,test
5722,development
5723,development
5724,test
5725,development
5726,development
5727,development
5728,development
5729,development
5730,development
5731,test
5732,development
5733,development
5734,development
5735,development
5736,test
5737,development
5738,development
5739,development
5740,development
5741,test
5742,development
5743,development
5744,development
5745,development
5746,development
5747,test
5748,development
5749,development
5750,development
5751,development
5752,test
5753,development
5754,development
5755,development
5756,test
5757,development
5758,development
5759,development
5760,development
5761,test
5762,development
5763,test
5764,development
5765,development
5766,test
5767,development
5768,development
5769,development
5770,development
5771,development
5772,development
5773,development
5774,development
5775,development
5776,development
5777,development
5778,development
5779,test
5780,development
5781,development
5782,development
5783,development
5784,development
5785,development
5786,development
5787,development
5788,development
5789,development
5790,development
5791,development
5792,development
5793,development
5794,development
5795,test
5796,test
5797,test
5798,test
5799,test
5800,development
5801,development
5802,test
5803,development
5804,test
5805,development
5806,test
5807,development
5808,development
5809,test
5810,development
5811,development
5812,development
5813,development
5814,test
5815,development
5816,development
5817,development
5818,development
5819,test
5820,development
5821,development
5822,development
5823,development
5824,development
5825,development
5826,development
5827,development
5828,development
5829,development
5830,development
5831,development
5832,development
5833,development
5834,development
5835,development
5836,development
5837,development
5838,development
5839,development
5840,development
5841,development
5842,development
5843,development
5844,development
5845,test
5846,development
5847,development
5848,development
5849,development
5850,development
5851,development
5852,test
5853,development
5854,development
5855,development
5856,development
5857,development
5858,development
5859,development
5860,test
5861,development
5862,development
5863,development
5864,development
5865,development
5866,development
5867,development
5868,development
5869,development
5870,development
5871,development
5872,test
5873,development
5874,development
5875,development
5876,development
5877,development
5878,development
5879,development
5880,development
5881,development
5882,development
5883,development
5884,development
5885,test
5886,test
5887,development
5888,development
5889,development
5890,development
5891,development
5892,development
5893,development
5894,test
5895,test
5896,development
5897,test
5898,development
5899,development
5900,development
5901,development
5902,development
5903,development
5904,development
5905,test
5906,development
5907,development
5908,development
5909,development
5910,development
5911,development
5912,development
5913,development
5914,test
5915,test
5916,development
5917,development
5918,development
5919,development
5920,development
5921,test
5922,development
5923,development
5924,development
5925,development
5926,development
5927,development
5928,development
5929,development
5930,development
5931,development
5932,development
5933,test
5934,development
5935,development
5936,development
5937,development
5938,development
5939,development
5940,development
5941,development
5942,development
5943,development
5944,development
5945,development
5946,development
5947,development
5948,development
5949,development
5950,development
5951,development
5952,test
5953,development
5954,development
5955,development
5956,development
5957,development
5958,development
5959,test
5960,development
5961,development
5962,development
5963,development
5964,test
5965,development
5966,test
5967,development
5968,development
5969,development
5970,development
5971,development
5972,test
5973,development
5974,development
5975,test
5976,development
5977,development
5978,development
5979,development
5980,development
5981,development
5982,development
5983,development
5984,development
5985,development
5986,development
5987,development
5988,development
5989,test
5990,development
5991,development
5992,development
5993,test
5994,development
5995,test
5996,development
5997,development
5998,development
5999,development
6000,development
6001,test
6002,development
6003,development
6004,development
6005,development
6006,development
6007,development
6008,test
6009,test
6010,development
6011,development
6012,development
6013,test
6014,development
6015,development
6016,development
6017,development
6018,test
6019,test
6020,development
6021,development
6022,test
6023,development
6024,development
6025,test
6026,development
6027,development
6028,development
6029,development
6030,development
6031,development
6032,development
6033,development
6034,development
6035,development
6036,development
6037,test
6038,test
6039,development
6040,development
6041,development
6042,development
6043,development
6044,development
6045,development
6046,test
6047,test
6048,development
6049,development
6050,test
6051,development
6052,development
6053,development
6054,development
6055,development
6056,development
6057,development
6058,development
6059,development
6060,development
6061,development
6062,development
6063,development
6064,development
6065,test
6066,test
6067,test
6068,development
6069,development
6070,development
6071,development
6072,development
6073,development
6074,development
6075,development
6076,development
6077,test
6078,development
6079,test
6080,development
6081,development
6082,development
6083,development
6084,development
6085,development
6086,test
6087,test
6088,development
6089,development
6090,development
6091,test
6092,development
6093,test
6094,development
6095,development
6096,development
6097,development
6098,development
6099,development
6100,development
6101,development
6102,development
6103,development
6104,development
6105,development
6106,development
6107,development
6108,development
6109,development
6110,development
6111,development
6112,test
6113,development
6114,development
6115,development
6116,development
6117,development
6118,test
6119,development
6120,development
6121,development
6122,development
6123,development
6124,development
6125,development
6126,development
6127,development
6128,development
6129,test
6130,development
6131,development
6132,development
6133,development
6134,development
6135,development
6136,development
6137,development
6138,development
6139,development
6140,development
6141,development
6142,development
6143,development
6144,test
6145,development
6146,development
6147,test
6148,development
6149,development
6150,development
6151,test
6152,test
6153,development
6154,test
6155,development
6156,development
6157,test
6158,development
6159,development
6160,development
6161,development
6162,development
6163,development
6164,development
6165,development
6166,development
6167,development
6168,development
6169,test
6170,test
6171,test
6172,development
6173,development
6174,development
6175,test
6176,test
6177,development
6178,test
6179,development
6180,development
6181,development
6182,development
6183,test
6184,development
6185,development
6186,development
6187,development
6188,development
6189,development
6190,development
6191,development
6192,development
6193,development
6194,test
6195,test
6196,development
6197,test
6198,test
6199,development
6200,development
6201,development
6202,development
6203,test
6204,development
6205,development
6206,development
6207,test
6208,development
6209,development
6210,development
6211,development
6212,development
6213,development
6214,development
6215,development
6216,development
6217,development
6218,test
6219,test
6220,development
6221,development
6222,test
6223,test
6224,development
6225,development
6226,development
6227,development
6228,test
6229,development
6230,development
6231,development
6232,development
6233,development
6234,development
6235,development
6236,test
6237,development
6238,test
6239,development
6240,test
6241,development
6242,test
6243,development
6244,development
6245,development
6246,test
6247,development
6248,test
6249,development
6250,development
6251,development
6252,development
6253,development
6254,development
6255,development
6256,development
6257,test
6258,test
6259,development
6260,test
6261,development
6262,test
6263,development
6264,development
6265,development
6266,development
6267,development
6268,development
6269,development
6270,test
6271,development
6272,development
6273,test
6274,development
6275,test
6276,development
6277,test
6278,development
6279,development
6280,test
6281,test
6282,test
6283,test
6284,development
6285,development
6286,development
6287,development
6288,development
6289,development
6290,development
6291,development
6292,development
6293,development
6294,development
6295,development
6296,development
6297,development
6298,development
6299,development
6300,development
6301,development
6302,test
6303,test
6304,development
6305,development
6306,development
6307,development
6308,development
6309,development
6310,development
6311,development
6312,development
6313,development
6314,development
6315,development
6316,development
6317,development
6318,development
6319,development
6320,development
6321,development
6322,development
6323,development
6324,development
6325,development
6326,development
6327,development
6328,test
6329,development
6330,development
6331,development
6332,development
6333,development
6334,development
6335,development
6336,development
6337,development
6338,development
6339,development
6340,test
6341,test
6342,development
6343,development
6344,development
6345,development
6346,development
6347,development
6348,development
6349,development
6350,development
6351,development
6352,development
6353,development
6354,development
6355,development
6356,development
6357,development
6358,development
6359,development
6360,test
6361,test
6362,development
6363,development
6364,development
6365,development
6366,development
6367,test
6368,development
6369,development
6370,development
6371,development
6372,test
6373,development
6374,development
6375,development
6376,development
6377,test
6378,development
6379,development
6380,development
6381,development
6382,development
6383,test
6384,development
6385,test
6386,test
6387,development
6388,test
6389,development
6390,development
6391,development
6392,development
6393,test
6394,test
6395,development
6396,development
6397,development
6398,development
6399,development
6400,test
6401,development
6402,test
6403,development
6404,development
6405,development
6406,development
6407,development
6408,development
6409,test
6410,development
6411,development
6412,development
6413,development
6414,development
6415,development
6416,test
6417,development
6418,test
6419,development
6420,development
6421,test
6422,development
6423,development
6424,development
6425,development
6426,development
6427,development
6428,development
6429,development
6430,development
6431,development
6432,development
6433,development
6434,development
6435,development
6436,development
6437,test
6438,test
6439,test
6440,development
6441,test
6442,development
6443,development
6444,development
6445,development
6446,development
6447,development
6448,development
6449,development
6450,development
6451,development
6452,development
6453,test
6454,development
6455,development
6456,development
6457,development
6458,development
6459,development
6460,development
6461,development
6462,development
6463,development
6464,development
6465,development
6466,test
6467,development
6468,development
6469,development
6470,development
6471,development
6472,test
6473,development
6474,development
6475,development
6476,development
6477,development
6478,development
6479,development
6480,test
6481,test
6482,test
6483,development
6484,test
6485,development
6486,development
6487,development
6488,test
6489,development
6490,development
6491,development
6492,development
6493,development
6494,development
6495,development
6496,test
6497,development
6498,development
6499,development
6500,development
6501,development
6502,development
6503,test
6504,development
6505,development
6506,development
6507,development
6508,development
6509,development
6510,test
6511,development
6512,development
6513,development
6514,development
6515,development
6516,development
6517,development
6518,development
6519,test
6520,development
6521,test
6522,development
6523,test
6524,development
6525,development
6526,development
6527,development
6528,development
6529,development
6530,development
6531,development
6532,test
6533,development
6534,test
6535,development
6536,development
6537,development
6538,development
6539,development
6540,development
6541,development
6542,development
6543,development
6544,development
6545,development
6546,development
6547,development
6548,development
6549,test
6550,test
6551,development
6552,development
6553,development
6554,development
6555,development
6556,development
6557,development
6558,development
6559,development
6560,development
6561,development
6562,development
6563,development
6564,development
6565,development
6566,test
6567,development
6568,development
6569,development
6570,test
6571,test
6572,development
6573,development
6574,development
6575,test
6576,test
6577,development
6578,test
6579,development
6580,development
6581,development
6582,test
6583,test
6584,development
6585,development
6586,development
6587,development
6588,development
6589,development
6590,development
6591,development
6592,development
6593,development
6594,development
6595,development
6596,development
6597,development
6598,development
6599,test
6600,test
6601,development
6602,test
6603,test
6604,development
6605,development
6606,development
6607,development
6608,development
6609,development
6610,development
6611,development
6612,test
6613,test
6614,test
6615,development
6616,test
6617,development
6618,development
6619,test
6620,development
6621,development
6622,development
6623,development
6624,test
6625,development
6626,development
6627,development
6628,development
6629,test
6630,development
6631,development
6632,development
6633,test
6634,test
6635,development
6636,development
6637,development
6638,development
6639,development
6640,development
6641,development
6642,test
6643,development
6644,development
6645,test
6646,development
6647,development
6648,test
6649,development
6650,development
6651,development
6652,development
6653,test
6654,development
6655,development
6656,development
6657,development
6658,test
6659,development
6660,development
6661,development
6662,development
6663,development
6664,development
6665,development
6666,test
6667,development
6668,development
6669,development
6670,development
6671,development
6672,test
6673,development
6674,development
6675,development
6676,development
6677,test
6678,test
6679,development
6680,test
6681,development
6682,development
6683,development
6684,test
6685,development
6686,development
6687,test
6688,test
6689,development
6690,development
6691,development
6692,development
6693,development
6694,development
6695,development
6696,development
6697,development
6698,development
6699,development
6700,development
6701,test
6702,test
6703,development
6704,development
6705,development
6706,development
6707,test
6708,test
6709,development
6710,test
6711,development
6712,development
6713,development
6714,test
6715,test
6716,development
6717,development
6718,development
6719,development
6720,development
6721,development
6722,development
6723,test
6724,development
6725,development
6726,development
6727,development
6728,test
6729,test
6730,development
6731,development
6732,development
6733,test
6734,development
6735,test
6736,test
6737,development
6738,development
6739,development
6740,test
6741,development
6742,development
6743,development
6744,test
6745,development
6746,development
6747,development
6748,test
6749,development
6750,development
6751,development
6752,development
6753,development
6754,development
6755,test
6756,development
6757,test
6758,development
6759,test
6760,development
6761,test
6762,development
6763,development
6764,test
6765,development
6766,development
6767,development
6768,development
6769,development
6770,test
6771,development
6772,development
6773,development
6774,development
6775,development
6776,development
6777,test
6778,development
6779,development
6780,development
6781,test
6782,development
6783,test
6784,development
6785,development
6786,development
6787,development
6788,development
6789,development
6790,development
6791,test
6792,test
6793,development
6794,test
6795,development
6796,development
6797,test
6798,development
6799,development
6800,development
6801,test
6802,development
6803,development
6804,development
6805,development
6806,test
6807,test
6808,test
6809,development
6810,development
6811,development
6812,development
6813,development
6814,development
6815,test
6816,development
6817,test
6818,development
6819,development
6820,development
6821,test
6822,development
6823,test
6824,development
6825,test
6826,development
6827,development
6828,test
6829,development
6830,development
6831,development
6832,development
6833,test
6834,development
6835,development
6836,development
6837,development
6838,development
6839,development
6840,development
6841,development
6842,development
6843,development
6844,development
6845,development
6846,development
6847,development
6848,development
6849,development
6850,development
6851,development
6852,development
6853,development
6854,development
6855,test
6856,development
6857,development
6858,development
6859,development
6860,development
6861,development
6862,development
6863,development
6864,development
6865,development
6866,development
6867,test
6868,development
6869,development
6870,test
6871,test
6872,test
6873,development
6874,development
6875,development
6876,development
6877,development
6878,development
6879,test
6880,development
6881,development
6882,development
6883,development
6884,development
6885,development
6886,development
6887,development
6888,development
6889,development
6890,development
6891,development
6892,development
6893,test
6894,development
6895,development
6896,development
6897,development
6898,test
6899,development
6900,development
6901,development
6902,development
6903,development
6904,development
6905,development
6906,development
6907,development
6908,development
6909,development
6910,development
6911,development
6912,development
6913,development
6914,development
6915,development
6916,test
6917,test
6918,development
6919,development
6920,development
6921,development
6922,development
6923,development
6924,test
6925,development
6926,development
6927,development
6928,development
6929,development
6930,development
6931,test
6932,test
6933,development
6934,test
6935,development
6936,development
6937,development
6938,development
6939,development
6940,development
6941,development
6942,development
6943,development
6944,development
6945,development
6946,test
6947,development
6948,test
6949,test
6950,development
6951,development
6952,development
6953,development
6954,test
6955,development
6956,development
6957,development
6958,development
6959,test
6960,development
6961,test
6962,test
6963,development
6964,development
6965,development
6966,development
6967,test
6968,test
6969,development
6970,development
6971,development
6972,test
6973,development
6974,development
6975,development
6976,development
6977,test
6978,development
6979,test
6980,development
6981,development
6982,development
6983,development
6984,development
6985,development
6986,development
6987,development
6988,development
6989,development
6990,development
6991,test
6992,development
6993,development
6994,test
6995,development
6996,test
6997,development
6998,development
6999,development
7000,development
7001,development
7002,development
7003,development
7004,development
7005,development
7006,development
7007,development
7008,test
7009,development
7010,test
7011,development
7012,test
7013,development
7014,test
7015,development
7016,test
7017,development
7018,development
7019,test
7020,development
7021,development
7022,development
7023,development
7024,development
7025,development
7026,development
7027,development
7028,development
7029,test
7030,development
7031,development
7032,development
7033,development
7034,development
7035,development
7036,development
7037,development
7038,test
7039,development
7040,test
7041,development
7042,development
7043,development
7044,test
7045,development
7046,development
7047,development
7048,development
7049,development
7050,test
7051,development
7052,development
7053,development
7054,development
7055,development
7056,development
7057,development
7058,development
7059,development
7060,development
7061,development
7062,development
7063,development
7064,development
7065,development
7066,development
7067,development
7068,development
7069,development
7070,development
7071,development
7072,development
7073,development
7074,development
7075,development
7076,development
7077,development
7078,development
7079,development
7080,development
7081,development
7082,development
7083,development
7084,development
7085,development
7086,development
7087,test
7088,development
7089,development
7090,development
7091,development
7092,development
7093,development
7094,development
7095,test
7096,development
7097,test
7098,development
7099,development
7100,development
7101,test
7102,development
7103,development
7104,development
7105,development
7106,development
7107,test
7108,test
7109,development
7110,development
7111,development
7112,development
7113,development
7114,development
7115,development
7116,development
7117,development
7118,development
7119,development
7120,test
7121,development
7122,test
7123,development
7124,development
7125,development
7126,development
7127,development
7128,development
7129,development
7130,development
7131,development
7132,development
7133,development
7134,development
7135,development
7136,development
7137,test
7138,development
7139,development
7140,development
7141,development
7142,development
7143,development
7144,development
7145,development
7146,development
7147,development
7148,test
7149,development
7150,development
7151,development
7152,test
7153,development
7154,test
7155,development
7156,development
7157,development
7158,development
7159,development
7160,development
7161,development
7162,development
7163,development
7164,development
7165,development
7166,development
7167,development
7168,test
7169,test
7170,test
7171,test
7172,development
7173,development
7174,development
7175,development
7176,development
7177,test
7178,development
7179,development
7180,development
7181,development
7182,test
7183,development
7184,development
7185,development
7186,test
7187,development
7188,development
7189,development
7190,development
7191,development
7192,development
7193,development
7194,development
7195,development
7196,development
7197,development
7198,development
7199,test
7200,development
7201,development
7202,development
7203,development
7204,development
7205,development
7206,development
7207,development
7208,development
7209,development
7210,development
7211,development
7212,development
7213,development
7214,development
7215,test
7216,development
7217,development
7218,development
7219,development
7220,development
7221,test
7222,development
7223,development
7224,development
7225,development
7226,development
7227,test
7228,development
7229,development
7230,development
7231,development
7232,development
7233,development
7234,development
7235,development
7236,development
7237,development
7238,test
7239,development
7240,test
7241,development
7242,development
7243,test
7244,development
7245,development
7246,test
7247,development
7248,development
7249,test
7250,development
7251,test
7252,development
7253,development
7254,development
7255,development
7256,test
7257,test
7258,development
7259,development
7260,development
7261,test
7262,development
7263,development
7264,development
7265,development
7266,development
7267,development
7268,development
7269,development
7270,development
7271,development
7272,development
7273,development
7274,development
7275,development
7276,development
7277,development
7278,development
7279,development
7280,development
7281,development
7282,development
7283,development
7284,test
7285,development
7286,development
7287,development
7288,development
7289,development
7290,development
7291,development
7292,development
7293,development
7294,development
7295,development
7296,development
7297,test
7298,development
7299,development
7300,development
7301,development
7302,test
7303,test
7304,development
7305,development
7306,development
7307,development
7308,test
7309,development
7310,development
7311,development
7312,development
7313,test
7314,development
7315,development
7316,test
7317,development
7318,development
7319,development
7320,development
7321,test
7322,development
7323,development
7324,development
7325,development
7326,development
7327,development
7328,development
7329,development
7330,development
7331,test
7332,development
7333,development
7334,development
7335,development
7336,development
7337,development
7338,development
7339,development
7340,development
7341,development
7342,development
7343,development
7344,test
7345,development
7346,test
7347,development
7348,development
7349,development
7350,development
7351,development
7352,development
7353,development
7354,development
7355,development
7356,development
7357,development
7358,development
7359,development
7360,development
7361,development
7362,test
7363,development
7364,development
7365,development
7366,development
7367,development
7368,development
7369,development
7370,development
7371,development
7372,test
7373,development
7374,development
7375,development
7376,development
7377,development
7378,development
7379,test
7380,development
7381,development
7382,development
7383,development
7384,development
7385,development
7386,development
7387,development
7388,development
7389,test
7390,development
7391,development
7392,development
7393,development
7394,development
7395,development
7396,development
7397,development
7398,test
7399,development
7400,development
7401,test
7402,development
7403,test
7404,test
7405,development
7406,test
7407,development
7408,development
7409,development
7410,development
7411,development
7412,development
7413,development
7414,development
7415,development
7416,development
7417,development
7418,development
7419,test
7420,development
7421,development
7422,development
7423,development
7424,development
7425,development
7426,development
7427,test
7428,development
7429,test
7430,development
7431,development
7432,development
7433,development
7434,development
7435,development
7436,test
7437,development
7438,development
7439,development
7440,development
7441,development
7442,test
7443,development
7444,test
7445,development
7446,development
7447,test
7448,development
7449,development
7450,development
7451,test
7452,development
7453,development
7454,development
7455,test
7456,development
7457,development
7458,development
7459,development
7460,development
7461,development
7462,development
7463,development
7464,test
7465,development
7466,development
7467,development
7468,development
7469,development
7470,development
7471,development
7472,development
7473,development
7474,development
7475,development
7476,development
7477,development
7478,development
7479,development
7480,development
7481,test
7482,development
7483,development
7484,development
7485,development
7486,development
7487,development
7488,development
7489,development
7490,development
7491,development
7492,test
7493,development
7494,development
7495,test
7496,development
7497,development
7498,development
7499,development
7500,development
7501,test
7502,development
7503,development
7504,development
7505,development
7506,development
7507,development
7508,development
7509,development
7510,development
7511,development
7512,test
7513,development
7514,development
7515,development
7516,development
7517,development
7518,development
7519,development
7520,test
7521,development
7522,development
7523,test
7524,development
7525,development
7526,development
7527,test
7528,development
7529,development
7530,development
7531,development
7532,test
7533,development
7534,development
7535,development
7536,test
7537,development
7538,test
7539,development
7540,development
7541,test
7542,test
7543,test
7544,development
7545,development
7546,development
7547,development
7548,development
7549,development
7550,test
7551,development
7552,development
7553,development
7554,development
7555,development
7556,test
7557,test
7558,development
7559,test
7560,development
7561,test
7562,development
7563,development
7564,development
7565,development
7566,development
7567,test
7568,development
7569,development
7570,development
7571,test
7572,test
7573,development
7574,development
7575,development
7576,development
7577,development
7578,test
7579,development
7580,development
7581,development
7582,test
7583,test
7584,test
7585,development
7586,test
7587,development
7588,development
7589,development
7590,development
7591,development
7592,development
7593,development
7594,development
7595,development
7596,test
7597,development
7598,development
7599,development
7600,development
7601,development
7602,development
7603,test
7604,development
7605,development
7606,development
7607,development
7608,development
7609,test
7610,development
7611,development
7612,development
7613,development
7614,development
7615,development
7616,test
7617,development
7618,development
7619,development
7620,development
7621,development
7622,development
7623,development
7624,development
7625,development
7626,development
7627,development
7628,development
7629,development
7630,test
7631,development
7632,test
7633,development
7634,development
7635,development
7636,test
7637,test
7638,development
7639,development
7640,development
7641,development
7642,development
7643,development
7644,development
7645,test
7646,development
7647,development
7648,development
7649,development
7650,test
7651,development
7652,test
7653,development
7654,development
7655,test
7656,development
7657,test
7658,development
7659,development
7660,development
7661,test
7662,development
7663,development
7664,development
7665,test
7666,development
7667,development
7668,development
7669,development
7670,development
7671,development
7672,development
7673,test
7674,development
7675,development
7676,test
7677,development
7678,development
7679,development
7680,development
7681,development
7682,development
7683,development
7684,test
7685,development
7686,test
7687,development
7688,development
7689,development
7690,test
7691,development
7692,development
7693,development
7694,development
7695,development
7696,development
7697,development
7698,development
7699,development
7700,development
7701,development
7702,development
7703,development
7704,development
7705,development
7706,test
7707,development
7708,development
7709,test
7710,development
7711,development
7712,development
7713,development
7714,development
7715,development
7716,development
7717,development
7718,development
7719,development
7720,development
7721,development
7722,development
7723,development
7724,development
7725,development
7726,development
7727,development
7728,development
7729,development
7730,development
7731,development
7732,development
7733,development
7734,test
7735,development
7736,test
7737,development
7738,development
7739,development
7740,development
7741,development
7742,development
7743,development
7744,test
7745,development
7746,development
7747,development
7748,test
7749,development
7750,test
7751,development
7752,test
7753,development
7754,development
7755,development
7756,development
7757,development
7758,development
7759,development
7760,test
7761,development
7762,development
7763,development
7764,development
7765,development
7766,development
7767,development
7768,development
7769,development
7770,development
7771,development
7772,test
7773,development
7774,development
7775,test
7776,development
7777,development
7778,development
7779,development
7780,development
7781,development
7782,development
7783,development
7784,development
7785,development
7786,development
7787,development
7788,development
7789,test
7790,test
7791,development
7792,test
7793,development
7794,development
7795,development
7796,development
7797,development
7798,test
7799,test
7800,development
7801,development
7802,development
7803,development
7804,development
7805,development
7806,development
7807,development
7808,development
7809,development
7810,development
7811,test
7812,test
7813,development
7814,development
7815,development
7816,test
7817,development
7818,development
7819,development
7820,development
7821,development
7822,development
7823,development
7824,test
7825,development
7826,development
7827,test
7828,development
7829,development
7830,development
7831,development
7832,test
7833,development
7834,development
7835,development
7836,development
7837,development
7838,development
7839,development
7840,development
7841,development
7842,development
7843,development
7844,development
7845,development
7846,development
7847,development
7848,development
7849,development
7850,development
7851,development
7852,test
7853,development
7854,development
7855,development
7856,test
7857,development
7858,development
7859,development
7860,test
7861,development
7862,development
7863,development
7864,development
7865,development
7866,development
7867,development
7868,development
7869,development
7870,test
7871,development
7872,test
7873,development
7874,development
7875,test
7876,development
7877,development
7878,development
7879,development
7880,development
7881,development
7882,development
7883,development
7884,development
7885,development
7886,development
7887,test
7888,development
7889,development
7890,development
7891,development
7892,development
7893,development
7894,development
7895,development
7896,development
7897,development
7898,test
7899,development
7900,test
7901,development
7902,development
7903,development
7904,test
7905,development
7906,development
7907,development
7908,test
7909,test
7910,development
7911,development
7912,test
7913,development
7914,development
7915,development
7916,development
7917,development
7918,development
7919,development
7920,development
7921,test
7922,development
7923,development
7924,development
7925,development
7926,development
7927,development
7928,test
7929,development
7930,test
7931,development
7932,development
7933,development
7934,development
7935,test
7936,development
7937,development
7938,development
7939,development
7940,development
7941,development
7942,development
7943,test
7944,development
7945,development
7946,development
7947,development
7948,development
7949,development
7950,development
7951,test
7952,development
7953,test
7954,development
7955,development
7956,development
7957,development
7958,development
7959,test
7960,test
7961,development
7962,development
7963,development
7964,development
7965,development
7966,test
7967,development
7968,test
7969,development
7970,development
7971,development
7972,development
7973,development
7974,test
7975,development
7976,development
7977,development
7978,development
7979,development
7980,test
7981,development
7982,development
7983,development
7984,test
7985,development
7986,development
7987,development
7988,development
7989,development
7990,development
7991,test
7992,development
7993,development
7994,development
7995,development
7996,test
7997,development
7998,development
7999,development
8000,development
8001,test
8002,test
8003,test
8004,development
8005,development
8006,development
8007,development
8008,development
8009,development
8010,development
8011,development
8012,development
8013,development
8014,development
8015,development
8016,development
8017,development
8018,development
8019,development
8020,test
8021,development
8022,test
8023,development
8024,development
8025,development
8026,development
8027,development
8028,test
8029,test
8030,development
8031,development
8032,development
8033,development
8034,development
8035,development
8036,development
8037,development
8038,development
8039,development
8040,development
8041,development
8042,development
8043,development
8044,development
8045,development
8046,development
8047,development
8048,development
8049,development
8050,development
8051,test
8052,development
8053,development
8054,development
8055,test
8056,development
8057,development
8058,development
8059,development
8060,development
8061,development
8062,development
8063,development
8064,development
8065,development
8066,development
8067,development
8068,development
8069,test
8070,development
8071,development
8072,development
8073,development
8074,development
8075,test
8076,development
8077,test
8078,test
8079,test
8080,development
8081,development
8082,test
8083,test
8084,test
8085,test
8086,development
8087,development
8088,development
8089,development
8090,development
8091,development
8092,development
8093,development
8094,development
8095,development
8096,test
8097,test
8098,development
8099,development
8100,development
8101,development
8102,development
8103,development
8104,development
8105,development
8106,development
8107,development
8108,development
8109,test
8110,development
8111,development
8112,development
8113,test
8114,development
8115,test
8116,development
8117,development
8118,development
8119,development
8120,development
8121,test
8122,development
8123,development
8124,development
8125,development
8126,development
8127,development
8128,development
8129,development
8130,development
8131,development
8132,development
8133,test
8134,development
8135,development
8136,development
8137,development
8138,development
8139,development
8140,development
8141,development
8142,test
8143,development
8144,development
8145,development
8146,development
8147,development
8148,development
8149,development
8150,test
8151,development
8152,development
8153,development
8154,development
8155,development
8156,development
8157,development
8158,test
8159,development
8160,development
8161,development
8162,development
8163,development
8164,development
8165,development
8166,development
8167,test
8168,development
8169,development
8170,development
8171,development
8172,development
8173,development
8174,development
8175,development
8176,test
8177,development
8178,development
8179,development
8180,development
8181,development
8182,development
8183,development
8184,development
8185,development
8186,development
8187,development
8188,development
8189,development
8190,development
8191,development
8192,development
8193,test
8194,development
8195,development
8196,development
8197,development
8198,development
8199,development
8200,development
8201,development
8202,test
8203,development
8204,development
8205,development
8206,development
8207,development
8208,development
8209,test
8210,development
8211,test
8212,test
8213,development
8214,development
8215,development
8216,development
8217,development
8218,test
8219,development
8220,development
8221,development
8222,development
8223,development
8224,development
8225,development
8226,test
8227,development
8228,development
8229,development
8230,development
8231,development
8232,development
8233,development
8234,development
8235,test
8236,development
8237,development
8238,development
8239,development
8240,test
8241,development
8242,development
8243,development
8244,development
8245,development
8246,development
8247,development
8248,development
8249,development
8250,development
8251,test
8252,development
8253,development
8254,development
8255,development
8256,development
8257,development
8258,development
8259,development
8260,development
8261,development
8262,test
8263,development
8264,test
8265,test
8266,test
8267,development
8268,development
8269,development
8270,development
8271,development
8272,development
8273,development
8274,development
8275,development
8276,test
8277,test
8278,development
8279,test
8280,development
8281,development
8282,development
8283,development
8284,development
8285,test
8286,development
8287,test
8288,development
8289,development
8290,development
8291,development
8292,development
8293,test
8294,development
8295,test
8296,development
8297,test
8298,development
8299,development
8300,development
8301,development
8302,development
8303,development
8304,development
8305,development
8306,development
8307,development
8308,development
8309,development
8310,development
8311,development
8312,development
8313,development
8314,development
8315,development
8316,development
8317,development
8318,development
8319,development
8320,development
8321,development
8322,test
8323,development
8324,test
8325,test
8326,development
8327,test
8328,development
8329,development
8330,development
8331,development
8332,development
8333,test
8334,development
8335,test
8336,development
8337,test
8338,development
8339,test
8340,development
8341,test
8342,development
8343,development
8344,development
8345,development
8346,development
8347,development
8348,development
8349,test
8350,development
8351,development
8352,development
8353,development
8354,development
8355,development
8356,development
8357,development
8358,development
8359,development
8360,test
8361,development
8362,development
8363,development
8364,development
8365,development
8366,development
8367,development
8368,development
8369,test
8370,development
8371,development
8372,development
8373,development
8374,development
8375,development
8376,test
8377,development
8378,development
8379,development
8380,test
8381,development
8382,development
8383,development
8384,development
8385,development
8386,development
8387,development
8388,development
8389,development
8390,development
8391,development
8392,development
8393,development
8394,development
8395,development
8396,development
8397,test
8398,test
8399,development
8400,development
8401,test
8402,development
8403,development
8404,development
8405,development
8406,development
8407,development
8408,development
8409,development
8410,development
8411,development
8412,development
8413,development
8414,development
8415,test
8416,development
8417,test
8418,development
8419,test
8420,development
8421,development
8422,development
8423,development
8424,test
8425,development
8426,development
8427,development
8428,development
8429,development
8430,development
8431,test
8432,test
8433,development
8434,test
8435,development
8436,development
8437,development
8438,test
8439,development
8440,development
8441,test
8442,development
8443,development
8444,test
8445,development
8446,development
8447,test
8448,development
8449,test
8450,development
8451,test
8452,test
8453,development
8454,development
8455,test
8456,development
8457,development
8458,development
8459,development
8460,development
8461,development
8462,development
8463,development
8464,development
8465,test
8466,development
8467,test
8468,test
8469,development
8470,test
8471,development
8472,development
8473,development
8474,development
8475,development
8476,development
8477,development
8478,development
8479,development
8480,test
8481,development
8482,test
8483,development
8484,development
8485,development
8486,test
8487,development
8488,development
8489,development
8490,development
8491,test
8492,development
8493,development
8494,development
8495,development
8496,development
8497,development
8498,development
8499,development
8500,development
8501,development
8502,development
8503,development
8504,development
8505,development
8506,development
8507,development
8508,development
8509,development
8510,development
8511,development
8512,development
8513,development
8514,test
8515,test
8516,development
8517,test
8518,test
8519,development
8520,development
8521,development
8522,development
8523,test
8524,development
8525,development
8526,development
8527,development
8528,development
8529,test
8530,test
8531,development
8532,test
8533,test
8534,development
8535,development
8536,development
8537,test
8538,development
8539,development
8540,development
8541,development
8542,development
8543,development
8544,development
8545,development
8546,development
8547,development
8548,development
8549,test
8550,development
8551,test
8552,test
8553,development
8554,test
8555,development
8556,development
8557,development
8558,development
8559,development
8560,development
8561,development
8562,development
8563,development
8564,test
8565,test
8566,development
8567,development
8568,development
8569,development
8570,development
8571,test
8572,development
8573,development
8574,development
8575,development
8576,test
8577,development
8578,development
8579,development
8580,development
8581,test
8582,development
8583,development
8584,development
8585,development
8586,development
8587,development
8588,test
8589,development
8590,development
8591,development
8592,development
8593,development
8594,development
8595,development
8596,development
8597,development
8598,development
8599,development
8600,test
8601,development
8602,development
8603,development
8604,development
8605,development
8606,test
8607,development
8608,development
8609,development
8610,development
8611,development
8612,development
8613,development
8614,development
8615,development
8616,development
8617,development
8618,development
8619,development
8620,development
8621,development
8622,development
8623,development
8624,development
8625,test
8626,development
8627,development
8628,development
8629,development
8630,development
8631,test
8632,development
8633,development
8634,development
8635,development
8636,development
8637,development
8638,development
8639,development
8640,development
8641,development
8642,development
8643,development
8644,test
8645,development
8646,test
8647,development
8648,development
8649,development
8650,development
8651,development
8652,development
8653,development
8654,development
8655,development
8656,test
8657,test
8658,development
8659,development
8660,development
8661,development
8662,test
8663,development
8664,development
8665,test
8666,development
8667,test
8668,development
8669,development
8670,development
8671,development
8672,development
8673,development
8674,development
8675,development
8676,development
8677,development
8678,test
8679,development
8680,development
8681,development
8682,development
8683,development
8684,test
8685,development
8686,development
8687,development
8688,development
8689,development
8690,development
8691,development
8692,development
8693,development
8694,development
8695,development
8696,development
8697,test
8698,development
8699,development
8700,development
8701,development
8702,development
8703,development
8704,development
8705,development
8706,development
8707,test
8708,test
8709,test
8710,development
8711,development
8712,development
8713,development
8714,development
8715,development
8716,development
8717,development
8718,test
8719,development
8720,development
8721,development
8722,development
8723,development
8724,development
8725,development
8726,development
8727,development
8728,development
8729,test
8730,test
8731,development
8732,development
8733,development
8734,development
8735,test
8736,test
8737,development
8738,development
8739,development
8740,development
8741,test
8742,test
8743,development
8744,development
8745,development
8746,test
8747,development
8748,development
8749,development
8750,development
8751,development
8752,test
8753,development
8754,development
8755,development
8756,development
8757,development
8758,test
8759,development
8760,development
8761,development
8762,development
8763,development
8764,development
8765,test
8766,development
8767,development
8768,development
8769,development
8770,development
8771,development
8772,development
8773,test
8774,development
8775,test
8776,development
8777,test
8778,development
8779,development
8780,development
8781,development
8782,development
8783,development
8784,development
8785,development
8786,development
8787,development
8788,development
8789,development
8790,development
8791,development
8792,development
8793,development
8794,development
8795,development
8796,development
8797,development
8798,development
8799,development
8800,development
8801,development
8802,development
8803,test
8804,development
8805,development
8806,development
8807,development
8808,development
8809,development
8810,development
8811,development
8812,development
8813,test
8814,development
8815,test
8816,development
8817,test
8818,development
8819,development
8820,test
8821,development
8822,development
8823,test
8824,development
8825,development
8826,development
8827,test
8828,development
8829,development
8830,development
8831,development
8832,development
8833,development
8834,development
8835,development
8836,development
8837,development
8838,test
8839,development
8840,test
8841,test
8842,development
8843,development
8844,development
8845,development
8846,development
8847,development
8848,test
8849,development
8850,test
8851,development
8852,test
8853,test
8854,development
8855,development
8856,development
8857,development
8858,development
8859,development
8860,development
8861,development
8862,development
8863,development
8864,development
8865,development
8866,test
8867,development
8868,development
8869,development
8870,development
8871,development
8872,development
8873,development
8874,test
8875,test
8876,development
8877,development
8878,development
8879,development
8880,development
8881,test
8882,development
8883,development
8884,test
8885,test
8886,development
8887,development
8888,development
8889,test
8890,development
8891,development
8892,development
8893,development
8894,development
8895,development
8896,development
8897,development
8898,development
8899,development
8900,development
8901,development
8902,development
8903,test
8904,test
8905,development
8906,development
8907,development
8908,test
8909,test
8910,development
8911,development
8912,development
8913,development
8914,development
8915,development
8916,development
8917,development
8918,development
8919,development
8920,test
8921,development
8922,development
8923,development
8924,development
8925,development
8926,development
8927,development
8928,development
8929,development
8930,development
8931,development
8932,development
8933,development
8934,development
8935,test
8936,development
8937,development
8938,development
8939,development
8940,test
8941,development
8942,development
8943,development
8944,test
8945,development
8946,development
8947,development
8948,development
8949,test
8950,development
8951,development
8952,development
8953,development
8954,test
8955,development
8956,development
8957,development
8958,development
8959,development
8960,test
8961,development
8962,development
8963,development
8964,development
8965,development
8966,development
8967,development
8968,development
8969,development
8970,development
8971,development
8972,development
8973,development
8974,test
8975,test
8976,development
8977,development
8978,development
8979,development
8980,development
8981,development
8982,development
8983,development
8984,development
8985,test
8986,development
8987,test
8988,development
8989,development
8990,development
8991,development
8992,test
8993,development
8994,development
8995,development
8996,development
8997,development
8998,test
8999,test
9000,development
9001,development
9002,development
9003,development
9004,development
9005,development
9006,development
9007,development
9008,test
9009,development
9010,development
9011,development
9012,development
9013,development
9014,development
9015,development
9016,development
9017,development
9018,test
9019,development
9020,test
9021,test
9022,development
9023,development
9024,development
9025,development
9026,development
9027,development
9028,development
9029,development
9030,development
9031,development
9032,development
9033,development
9034,test
9035,development
9036,development
9037,development
9038,development
9039,development
9040,development
9041,development
9042,development
9043,development
9044,test
9045,development
9046,development
9047,development
9048,development
9049,development
9050,development
9051,development
9052,development
9053,development
9054,development
9055,development
9056,development
9057,development
9058,development
9059,development
9060,development
9061,development
9062,test
9063,test
9064,development
9065,development
9066,development
9067,development
9068,development
9069,development
9070,development
9071,development
9072,development
9073,development
9074,development
9075,test
9076,development
9077,test
9078,development
9079,development
9080,development
9081,development
9082,development
9083,development
9084,development
9085,test
9086,development
9087,test
9088,development
9089,development
9090,development
9091,development
9092,test
9093,development
9094,test
9095,development
9096,test
9097,development
9098,development
9099,development
9100,development
9101,development
9102,development
9103,development
9104,development
9105,development
9106,test
9107,test
9108,development
9109,test
9110,development
9111,test
9112,development
9113,development
9114,test
9115,development
9116,development
9117,development
9118,development
9119,development
9120,development
9121,development
9122,test
9123,test
9124,development
9125,development
9126,test
9127,development
9128,development
9129,development
9130,test
9131,development
9132,development
9133,development
9134,test
9135,development
9136,development
9137,development
9138,test
9139,development
9140,development
9141,development
9142,development
9143,test
9144,development
9145,development
9146,development
9147,development
9148,development
9149,development
9150,test
9151,development
9152,development
9153,development
9154,development
9155,development
9156,development
9157,test
9158,development
9159,development
9160,development
9161,development
9162,test
9163,development
9164,development
9165,development
9166,development
9167,development
9168,test
9169,development
9170,development
9171,test
9172,development
9173,test
9174,test
9175,test
9176,development
9177,development
9178,development
9179,development
9180,test
9181,test
9182,development
9183,development
9184,development
9185,development
9186,test
9187,development
9188,development
9189,development
9190,development
9191,development
9192,development
9193,development
9194,test
9195,development
9196,test
9197,development
9198,development
9199,development
9200,test
9201,development
9202,development
9203,development
9204,development
9205,development
9206,development
9207,development
9208,development
9209,development
9210,development
9211,development
9212,test
9213,test
9214,development
9215,development
9216,development
9217,development
9218,test
9219,development
9220,development
9221,test
9222,test
9223,development
9224,development
9225,development
9226,development
9227,development
9228,test
9229,development
9230,development
9231,test
9232,development
9233,test
9234,test
9235,development
9236,development
9237,development
9238,development
9239,development
9240,development
9241,development
9242,development
9243,development
9244,development
9245,development
9246,development
9247,test
9248,development
9249,test
9250,development
9251,development
9252,development
9253,development
9254,development
9255,development
9256,test
9257,development
9258,development
9259,development
9260,development
9261,test
9262,development
9263,test
9264,development
9265,development
9266,development
9267,development
9268,test
9269,development
9270,test
9271,development
9272,development
9273,test
9274,development
9275,development
9276,development
9277,test
9278,development
9279,development
9280,development
9281,development
9282,development
9283,development
9284,development
9285,test
9286,development
9287,test
9288,development
9289,development
9290,test
9291,development
9292,development
9293,test
9294,development
9295,development
9296,development
9297,development
9298,development
9299,development
9300,development
9301,development
9302,development
9303,development
9304,development
9305,development
9306,development
9307,development
9308,development
9309,development
9310,development
9311,development
9312,test
9313,development
9314,development
9315,development
9316,test
9317,development
9318,development
9319,development
9320,test
9321,development
9322,development
9323,development
9324,test
9325,development
9326,development
9327,development
9328,development
9329,development
9330,development
9331,test
9332,development
9333,development
9334,development
9335,development
9336,development
9337,development
9338,development
9339,test
9340,development
9341,development
9342,development
9343,development
9344,development
9345,test
9346,development
9347,test
9348,test
9349,development
9350,test
9351,development
9352,development
9353,test
9354,development
9355,test
9356,development
9357,test
9358,development
9359,development
9360,development
9361,test
9362,development
9363,development
9364,development
9365,development
9366,test
9367,test
9368,development
9369,development
9370,development
9371,development
9372,development
9373,development
9374,test
9375,development
9376,development
9377,development
9378,development
9379,development
9380,development
9381,development
9382,development
9383,development
9384,development
9385,test
9386,test
9387,development
9388,development
9389,test
9390,development
9391,development
9392,development
9393,test
9394,development
9395,development
9396,development
9397,development
9398,development
9399,development
9400,development
9401,development
9402,development
9403,development
9404,development
9405,test
9406,development
9407,development
9408,development
9409,development
9410,development
9411,test
9412,development
9413,development
9414,development
9415,development
9416,development
9417,test
9418,development
9419,test
9420,development
9421,development
9422,development
9423,development
9424,development
9425,development
9426,test
9427,development
9428,development
9429,development
9430,test
9431,development
9432,development
9433,development
9434,test
9435,test
9436,development
9437,test
9438,test
9439,development
9440,development
9441,development
9442,development
9443,development
9444,test
9445,development
9446,development
9447,development
9448,development
9449,test
9450,development
9451,test
9452,development
9453,development
9454,development
9455,development
9456,development
9457,development
9458,development
9459,test
9460,development
9461,development
9462,development
9463,development
9464,development
9465,development
9466,development
9467,development
9468,development
9469,development
9470,test
9471,development
9472,test
9473,development
9474,development
9475,test
9476,development
9477,development
9478,development
9479,development
9480,development
9481,development
9482,development
9483,development
9484,development
9485,development
9486,development
9487,development
9488,development
9489,test
9490,development
9491,development
9492,test
9493,development
9494,test
9495,development
9496,development
9497,development
9498,development
9499,development
9500,development
9501,development
9502,development
9503,development
9504,test
9505,development
9506,development
9507,test
9508,development
9509,development
9510,development
9511,development
9512,development
9513,development
9514,development
9515,test
9516,development
9517,development
9518,development
9519,test
9520,development
9521,development
9522,development
9523,test
9524,development
9525,test
9526,development
9527,development
9528,test
9529,test
9530,development
9531,development
9532,development
9533,development
9534,development
9535,test
9536,development
9537,development
9538,development
9539,development
9540,development
9541,test
9542,development
9543,test
9544,development
9545,development
9546,development
9547,test
9548,development
9549,development
9550,development
9551,development
9552,development
9553,development
9554,development
9555,test
9556,development
9557,development
9558,test
9559,development
9560,development
9561,development
9562,development
9563,development
9564,development
9565,development
9566,development
9567,development
9568,development
9569,development
9570,development
9571,development
9572,development
9573,development
9574,development
9575,development
9576,development
9577,development
9578,development
9579,development
9580,development
9581,development
9582,development
9583,development
9584,development
9585,development
9586,development
9587,development
9588,development
9589,development
9590,development
9591,development
9592,development
9593,development
9594,development
9595,development
9596,development
9597,development
9598,development
9599,development
9600,development
9601,development
9602,development
9603,development
9604,test
9605,development
9606,development
9607,test
9608,test
9609,development
9610,development
9611,test
9612,development
9613,development
9614,development
9615,development
9616,development
9617,test
9618,development
9619,test
9620,test
9621,test
9622,development
9623,development
9624,development
9625,development
9626,test
9627,development
9628,development
9629,test
9630,development
9631,test
9632,development
9633,development
9634,development
9635,test
9636,development
9637,development
9638,development
9639,development
9640,development
9641,development
9642,development
9643,development
9644,test
9645,development
9646,development
9647,development
9648,development
9649,development
9650,development
9651,development
9652,development
9653,development
9654,development
9655,test
9656,development
9657,development
9658,development
9659,development
9660,test
9661,development
9662,development
9663,test
9664,development
9665,test
9666,development
9667,development
9668,development
9669,test
9670,development
9671,development
9672,development
9673,development
9674,development
9675,development
9676,development
9677,development
9678,test
9679,development
9680,development
9681,development
9682,development
9683,development
9684,test
9685,test
9686,development
9687,development
9688,development
9689,test
9690,development
9691,development
9692,development
9693,test
9694,development
9695,development
9696,development
9697,development
9698,development
9699,development
9700,development
9701,development
9702,development
9703,development
9704,development
9705,development
9706,development
9707,development
9708,development
9709,test
9710,test
9711,test
9712,development
9713,development
9714,development
9715,development
9716,development
9717,test
9718,development
9719,development
9720,development
9721,development
9722,development
9723,test
9724,test
9725,development
9726,development
9727,test
9728,development
9729,test
9730,development
9731,development
9732,development
9733,development
9734,test
9735,test
9736,development
9737,development
9738,test
9739,development
9740,development
9741,development
9742,development
9743,development
9744,test
9745,development
9746,development
9747,development
9748,development
9749,development
9750,test
9751,development
9752,development
9753,development
9754,development
9755,development
9756,development
9757,development
9758,development
9759,test
9760,development
9761,development
9762,test
9763,development
9764,test
9765,development
9766,development
9767,development
9768,test
9769,test
9770,development
9771,development
9772,development
9773,development
9774,test
9775,development
9776,test
9777,development
9778,development
9779,development
9780,development
9781,development
9782,development
9783,test
9784,development
9785,development
9786,development
9787,development
9788,development
9789,test
9790,development
9791,development
9792,development
9793,development
9794,development
9795,test
9796,development
9797,development
9798,development
9799,development
9800,development
9801,development
9802,development
9803,development
9804,development
9805,development
9806,test
9807,development
9808,development
9809,test
9810,test
9811,test
9812,development
9813,development
9814,development
9815,development
9816,test
9817,test
9818,development
9819,development
9820,test
9821,development
9822,development
9823,development
9824,development
9825,development
9826,development
9827,development
9828,test
9829,development
9830,development
9831,development
9832,development
9833,development
9834,development
9835,development
9836,development
9837,development
9838,development
9839,development
9840,development
9841,development
9842,test
9843,development
9844,development
9845,development
9846,development
9847,development
9848,development
9849,development
9850,development
9851,test
9852,test
9853,development
9854,test
9855,development
9856,development
9857,test
9858,development
9859,development
9860,test
9861,development
9862,development
9863,development
9864,development
9865,development
9866,development
9867,development
9868,development
9869,development
9870,development
9871,development
9872,development
9873,development
9874,development
9875,development
9876,development
9877,development
9878,test
9879,development
9880,development
9881,test
9882,development
9883,development
9884,development
9885,development
9886,test
9887,development
9888,development
9889,test
9890,development
9891,development
9892,test
9893,development
9894,development
9895,development
9896,development
9897,test
9898,development
9899,development
9900,development
9901,development
9902,development
9903,development
9904,development
9905,development
9906,development
9907,development
9908,development
9909,development
9910,development
9911,development
9912,development
9913,development
9914,test
9915,development
9916,test
9917,development
9918,development
9919,development
9920,test
9921,development
9922,test
9923,development
9924,development
9925,test
9926,development
9927,development
9928,test
9929,development
9930,development
9931,development
9932,development
9933,test
9934,development
9935,development
9936,test
9937,development
9938,development
9939,development
9940,development
9941,development
9942,development
9943,development
9944,test
9945,development
9946,development
9947,development
9948,development
9949,development
9950,test
9951,development
9952,development
9953,development
9954,development
9955,development
9956,development
9957,development
9958,development
9959,development
9960,test
9961,development
9962,development
9963,development
9964,test
9965,test
9966,development
9967,test
9968,development
9969,development
9970,development
9971,development
9972,development
9973,development
9974,test
9975,test
9976,test
9977,test
9978,development
9979,development
9980,development
9981,development
9982,development
9983,development
9984,test
9985,development
9986,development
9987,development
9988,development
9989,development
9990,development
9991,development
9992,test
9993,development
9994,development
9995,development
9996,development
9997,development
9998,development
9999,development
10000,development
10001,test
10002,development
10003,development
10004,development
10005,development
10006,test
10007,development
10008,development
10009,development
10010,development
10011,development
10012,development
10013,development
10014,development
10015,development
10016,development
10017,development
10018,development
10019,development
10020,development
10021,development
10022,development
10023,development
10024,development
10025,development
10026,development
10027,development
10028,development
10029,test
10030,development
10031,development
10032,test
10033,development
10034,development
10035,development
10036,development
10037,development
10038,test
10039,development
10040,test
10041,development
10042,development
10043,development
10044,development
10045,development
10046,development
10047,development
10048,test
10049,development
10050,development
10051,development
10052,development
10053,development
10054,test
10055,development
10056,test
10057,development
10058,development
10059,development
10060,development
10061,development
10062,test
10063,development
10064,development
10065,development
10066,test
10067,development
10068,test
10069,development
10070,test
10071,development
10072,test
10073,test
10074,development
10075,test
10076,development
10077,test
10078,development
10079,development
10080,development
10081,development
10082,test
10083,development
10084,development
10085,development
10086,development
10087,test
10088,development
10089,development
10090,development
10091,test
10092,development
10093,development
10094,development
10095,development
10096,development
10097,development
10098,test
10099,development
10100,test
10101,development
10102,development
10103,development
10104,development
10105,development
10106,development
10107,development
10108,development
10109,development
10110,test
10111,development
10112,development
10113,development
10114,development
10115,test
10116,development
10117,development
10118,development
10119,test
10120,development
10121,development
10122,development
10123,test
10124,development
10125,development
10126,test
10127,development
10128,development
10129,development
10130,test
10131,development
10132,development
10133,development
10134,development
10135,development
10136,development
10137,development
10138,development
10139,development
10140,test
10141,development
10142,development
10143,development
10144,development
10145,development
10146,development
10147,development
10148,development
10149,development
10150,test
10151,test
10152,development
10153,development
10154,development
10155,test
10156,development
10157,development
10158,development
10159,development
10160,development
10161,development
10162,test
10163,development
10164,test
10165,development
10166,development
10167,test
10168,development
10169,development
10170,test
10171,development
10172,development
10173,development
10174,development
10175,development
10176,development
10177,development
10178,development
10179,test
10180,development
10181,development
10182,development
10183,development
10184,test
10185,development
10186,development
10187,development
10188,development
10189,development
10190,development
10191,development
10192,development
10193,development
10194,development
10195,development
10196,development
10197,development
10198,development
10199,development
10200,test
10201,development
10202,test
10203,development
10204,development
10205,test
10206,development
10207,test
10208,development
10209,test
10210,development
10211,development
10212,test
10213,development
10214,test
10215,development
10216,development
10217,development
10218,development
10219,development
10220,development
10221,development
10222,development
10223,development
10224,development
10225,development
10226,development
10227,test
10228,development
10229,development
10230,development
10231,development
10232,development
10233,development
10234,development
10235,development
10236,test
10237,test
10238,test
10239,development
10240,test
10241,development
10242,development
10243,test
10244,development
10245,development
10246,test
10247,development
10248,development
10249,development
10250,test
10251,development
10252,development
10253,development
10254,test
10255,development
10256,development
10257,development
10258,development
10259,test
10260,development
10261,development
10262,development
10263,test
10264,development
10265,development
10266,development
10267,test
10268,development
10269,development
10270,development
10271,development
10272,development
10273,development
10274,development
10275,development
10276,test
10277,development
10278,development
10279,development
10280,development
10281,test
10282,development
10283,development
10284,development
10285,development
10286,development
10287,development
10288,development
10289,development
10290,development
10291,development
10292,development
10293,development
10294,development
10295,development
10296,development
10297,development
10298,development
10299,test
10300,development
10301,development
10302,development
10303,development
10304,development
10305,development
10306,development
10307,development
10308,development
10309,test
10310,development
10311,development
10312,development
10313,development
10314,development
10315,development
10316,development
10317,test
10318,test
10319,development
10320,development
10321,development
10322,test
10323,development
10324,development
10325,development
10326,development
10327,development
10328,development
10329,test
10330,development
10331,test
10332,test
10333,development
10334,development
10335,test
10336,development
10337,test
10338,development
10339,development
10340,test
10341,development
10342,development
10343,development
10344,test
10345,test
10346,development
10347,development
10348,development
10349,test
10350,development
10351,development
10352,development
10353,development
10354,development
10355,development
10356,test
10357,test
10358,development
10359,development
10360,development
10361,development
10362,development
10363,test
10364,development
10365,development
10366,development
10367,development
10368,test
10369,development
10370,development
10371,development
10372,development
10373,development
10374,development
10375,development
10376,test
10377,development
10378,test
10379,development
10380,development
10381,test
10382,development
10383,test
10384,development
10385,development
10386,development
10387,test
10388,development
10389,development
10390,development
10391,test
10392,development
10393,test
10394,development
10395,test
10396,development
10397,test
10398,development
10399,test
10400,test
10401,development
10402,test
10403,development
10404,development
10405,development
10406,development
10407,test
10408,test
10409,test
10410,development
10411,development
10412,development
10413,development
10414,development
10415,test
10416,test
10417,development
10418,development
10419,development
10420,development
10421,development
10422,development
10423,development
10424,development
10425,test
10426,development
10427,development
10428,development
10429,development
10430,development
10431,development
10432,development
10433,development
10434,development
10435,development
10436,development
10437,development
10438,development
10439,development
10440,development
10441,development
10442,development
10443,development
10444,test
10445,development
10446,development
10447,development
10448,development
10449,development
10450,development
10451,development
10452,development
10453,development
10454,development
10455,development
10456,development
10457,test
10458,development
10459,test
10460,development
10461,development
10462,development
10463,development
10464,development
10465,development
10466,development
10467,development
10468,development
10469,development
10470,development
10471,development
10472,test
10473,development
10474,development
10475,development
10476,development
10477,test
10478,development
10479,test
10480,test
10481,test
10482,test
10483,test
10484,development
10485,development
10486,development
10487,development
10488,development
10489,test
10490,development
10491,development
10492,development
10493,development
10494,development
10495,development
10496,development
10497,development
10498,development
10499,development
10500,test
10501,test
10502,development
10503,development
10504,development
10505,development
10506,development
10507,development
10508,test
10509,development
10510,development
10511,development
10512,test
10513,development
10514,development
10515,development
10516,development
10517,development
10518,test
10519,development
10520,development
10521,development
10522,development
10523,development
10524,development
10525,development
10526,development
10527,development
10528,test
10529,test
10530,development
10531,test
10532,development
10533,development
10534,test
10535,development
10536,test
10537,development
10538,development
10539,development
10540,test
10541,test
10542,development
10543,development
10544,development
10545,development
10546,test
10547,test
10548,test
10549,development
10550,development
10551,development
10552,development
10553,development
10554,test
10555,development
10556,development
10557,development
10558,development
10559,test
10560,development
10561,development
10562,development
10563,development
10564,test
10565,development
10566,test
10567,test
10568,development
10569,development
10570,development
10571,development
10572,development
10573,development
10574,development
10575,test
10576,test
10577,test
10578,test
10579,development
10580,development
10581,test
10582,test
10583,development
10584,development
10585,test
10586,development
10587,test
10588,test
10589,development
10590,development
10591,development
10592,test
10593,development
10594,development
10595,development
10596,development
10597,development
10598,development
10599,development
10600,development
10601,development
10602,test
10603,development
10604,development
10605,test
10606,development
10607,development
10608,development
10609,development
10610,development
10611,development
10612,test
10613,development
10614,development
10615,development
10616,development
10617,development
10618,test
10619,development
10620,test
10621,development
10622,development
10623,test
10624,development
10625,development
10626,development
10627,test
10628,development
10629,development
10630,test
10631,development
10632,development
10633,development
10634,test
10635,development
10636,development
10637,development
10638,development
10639,development
10640,development
10641,development
10642,development
10643,development
10644,test
10645,development
10646,test
10647,development
10648,development
10649,development
10650,test
10651,development
10652,development
10653,development
10654,development
10655,development
10656,development
10657,development
10658,development
10659,development
10660,development
10661,development
10662,test
10663,test
10664,development
10665,development
10666,development
10667,development
10668,development
10669,development
10670,test
10671,development
10672,test
10673,development
10674,development
10675,test
10676,development
10677,development
10678,development
10679,development
10680,development
10681,development
10682,development
10683,development
10684,development
10685,development
10686,test
10687,test
10688,development
10689,development
10690,development
10691,test
10692,development
10693,development
10694,development
10695,development
10696,development
10697,development
10698,test
10699,development
10700,development
10701,development
10702,development
10703,development
10704,development
10705,test
10706,development
10707,test
10708,development
10709,development
10710,development
10711,development
10712,development
10713,test
10714,development
10715,development
10716,development
10717,development
10718,development
10719,test
10720,development
10721,test
10722,development
10723,development
10724,development
10725,development
10726,development
10727,development
10728,development
10729,test
10730,development
10731,test
10732,development
10733,development
10734,development
10735,development
10736,development
10737,development
10738,development
10739,development
10740,development
10741,development
10742,development
10743,development
10744,development
10745,development
10746,test
10747,test
10748,test
10749,test
10750,test
10751,test
10752,development
10753,development
10754,development
10755,development
10756,development
10757,development
10758,test
10759,development
10760,development
10761,test
10762,development
10763,development
10764,test
10765,development
10766,test
10767,development
10768,test
10769,development
10770,test
10771,development
10772,development
10773,development
10774,development
10775,test
10776,development
10777,development
10778,test
10779,development
10780,development
10781,test
10782,development
10783,development
10784,development
10785,development
10786,development
10787,development
10788,development
10789,development
10790,development
10791,development
10792,development
10793,development
10794,development
10795,test
10796,development
10797,development
10798,development
10799,development
10800,development
10801,development
10802,development
10803,development
10804,development
10805,development
10806,development
10807,development
10808,development
10809,test
10810,development
10811,development
10812,development
10813,development
10814,development
10815,development
10816,development
10817,development
10818,development
10819,development
10820,development
10821,development
10822,development
10823,test
10824,development
10825,development
10826,development
10827,development
10828,test
10829,test
10830,development
10831,development
10832,development
10833,development
10834,development
10835,development
10836,test
10837,development
10838,development
10839,test
10840,development
10841,development
10842,development
10843,development
10844,development
10845,development
10846,development
10847,test
10848,development
10849,development
10850,development
10851,development
10852,test
10853,development
10854,development
10855,development
10856,development
10857,development
10858,development
10859,development
10860,development
10861,development
10862,development
10863,test
10864,development
10865,development
10866,development
10867,development
10868,development
10869,development
10870,development
10871,development
10872,development
10873,development
10874,development
10875,development
10876,development
10877,development
10878,test
10879,development
10880,test
10881,development
10882,development
10883,development
10884,development
10885,test
10886,development
10887,development
10888,test
10889,development
10890,development
10891,development
10892,development
10893,test
10894,test
10895,test
10896,development
10897,development
10898,development
10899,development
10900,test
10901,development
10902,development
10903,development
10904,development
10905,development
10906,development
10907,development
10908,development
10909,development
10910,development
10911,development
10912,development
10913,development
10914,development
10915,development
10916,development
10917,development
10918,development
10919,test
10920,development
10921,development
10922,development
10923,test
10924,development
10925,development
10926,development
10927,test
10928,development
10929,development
10930,development
10931,test
10932,development
10933,development
10934,development
10935,development
10936,development
10937,test
10938,development
10939,development
10940,development
10941,development
10942,development
10943,development
10944,development
10945,test
10946,development
10947,development
10948,test
10949,development
10950,development
10951,development
10952,development
10953,development
10954,development
10955,test
10956,test
10957,development
10958,development
10959,development
10960,development
10961,test
10962,development
10963,development
10964,development
10965,development
10966,development
10967,development
10968,development
10969,test
10970,development
10971,development
10972,test
10973,development
10974,development
10975,development
10976,test
10977,development
10978,development
10979,development
10980,development
10981,development
10982,test
10983,development
10984,development
10985,development
10986,development
10987,development
10988,development
10989,development
10990,test
10991,development
10992,test
10993,development
10994,development
10995,test
10996,development
10997,development
10998,development
10999,development
11000,development
11001,test
11002,development
11003,development
11004,development
11005,development
11006,development
11007,development
11008,development
11009,development
11010,test
11011,development
11012,development
11013,development
11014,development
11015,test
11016,development
11017,development
11018,development
11019,development
11020,development
11021,development
11022,development
11023,development
11024,test
11025,development
11026,test
11027,development
11028,development
11029,development
11030,development
11031,development
11032,development
11033,development
11034,development
11035,development
11036,development
11037,development
11038,development
11039,test
11040,development
11041,development
11042,development
11043,development
11044,development
11045,development
11046,development
11047,test
11048,test
11049,test
11050,development
11051,development
11052,development
11053,development
11054,development
11055,test
11056,development
11057,test
11058,development
11059,development
11060,development
11061,test
11062,development
11063,test
11064,development
11065,test
11066,development
11067,development
11068,development
11069,development
11070,test
11071,test
11072,development
11073,development
11074,development
11075,development
11076,development
11077,development
11078,development
11079,development
11080,development
11081,test
11082,development
11083,test
11084,development
11085,development
11086,development
11087,development
11088,development
11089,development
11090,development
11091,development
11092,development
11093,development
11094,development
11095,development
11096,development
11097,development
11098,development
11099,development
11100,development
11101,development
11102,development
11103,development
11104,development
11105,development
11106,development
11107,development
11108,development
11109,development
11110,development
11111,development
11112,development
11113,development
11114,development
11115,development
11116,test
11117,development
11118,test
11119,development
11120,test
11121,development
11122,development
11123,development
11124,development
11125,test
11126,test
11127,development
11128,development
11129,development
11130,development
11131,development
11132,development
11133,development
11134,development
11135,development
11136,development
11137,test
11138,test
11139,development
11140,development
11141,development
11142,development
11143,development
11144,development
11145,test
11146,development
11147,development
11148,development
11149,test
11150,development
11151,development
11152,development
11153,development
11154,development
11155,development
11156,development
11157,development
11158,development
11159,development
11160,development
11161,development
11162,test
11163,development
11164,development
11165,development
11166,development
11167,development
11168,development
11169,development
11170,development
11171,test
11172,test
11173,development
11174,development
11175,development
11176,test
11177,development
11178,development
11179,development
11180,development
11181,development
11182,development
11183,development
11184,development
11185,development
11186,development
11187,test
11188,development
11189,development
11190,development
11191,development
11192,development
11193,test
11194,development
11195,test
11196,development
11197,development
11198,development
11199,test
11200,development
11201,development
11202,test
11203,development
11204,development
11205,development
11206,development
11207,development
11208,development
11209,test
11210,development
11211,development
11212,test
11213,development
11214,development
11215,development
11216,development
11217,development
11218,development
11219,development
11220,development
11221,development
11222,development
11223,test
11224,development
11225,development
11226,development
11227,test
11228,test
11229,development
11230,development
11231,development
11232,development
11233,development
11234,development
11235,development
11236,development
11237,test
11238,development
11239,development
11240,development
11241,development
11242,development
11243,development
11244,test
11245,test
11246,development
11247,development
11248,development
11249,development
11250,development
11251,development
11252,development
11253,development
11254,development
11255,development
11256,development
11257,development
11258,development
11259,development
11260,development
11261,development
11262,development
11263,development
11264,development
11265,development
11266,development
11267,development
11268,test
11269,development
11270,development
11271,development
11272,test
11273,test
11274,development
11275,development
11276,test
11277,development
11278,development
11279,development
11280,development
11281,development
11282,development
11283,test
11284,test
11285,development
11286,development
11287,development
11288,development
11289,development
11290,development
11291,development
11292,development
11293,development
11294,development
11295,development
11296,development
11297,development
11298,development
11299,development
11300,development
11301,development
11302,development
11303,development
11304,development
11305,development
11306,test
11307,development
11308,development
11309,development
11310,development
11311,development
11312,test
11313,development
11314,development
11315,development
11316,test
11317,development
11318,development
11319,development
11320,development
11321,development
11322,development
11323,development
11324,development
11325,development
11326,development
11327,development
11328,development
11329,development
11330,test
11331,development
11332,development
11333,development
11334,development
11335,development
11336,test
11337,development
11338,development
11339,test
11340,development
11341,development
11342,development
11343,development
11344,development
11345,development
11346,development
11347,development
11348,development
11349,development
11350,test
11351,development
11352,development
11353,development
11354,development
11355,development
11356,development
11357,development
11358,development
11359,development
11360,development
11361,development
11362,development
11363,development
11364,development
11365,development
11366,development
11367,development
11368,development
11369,development
11370,test
11371,development
11372,test
11373,development
11374,development
11375,development
11376,test
11377,test
11378,development
11379,development
11380,development
11381,development
11382,development
11383,development
11384,development
11385,development
11386,development
11387,development
11388,development
11389,development
11390,development
11391,development
11392,test
11393,development
11394,test
11395,development
11396,development
11397,development
11398,test
11399,development
11400,test
11401,development
11402,development
11403,development
11404,test
11405,development
11406,development
11407,development
11408,development
11409,test
11410,development
11411,development
11412,development
11413,development
11414,test
11415,development
11416,development
11417,development
11418,development
11419,development
11420,development
11421,development
11422,development
11423,test
11424,development
11425,development
11426,development
11427,development
11428,development
11429,development
11430,development
11431,development
11432,development
11433,development
11434,development
11435,development
11436,development
11437,test
11438,development
11439,development
11440,development
11441,development
11442,test
11443,development
11444,development
11445,development
11446,development
11447,development
11448,development
11449,development
11450,development
11451,development
11452,test
11453,development
11454,development
11455,development
11456,development
11457,development
11458,development
11459,development
11460,test
11461,development
11462,development
11463,development
11464,test
11465,development
11466,development
11467,test
11468,development
11469,development
11470,development
11471,development
11472,development
11473,test
11474,development
11475,development
11476,development
11477,development
11478,development
11479,development
11480,development
11481,development
11482,development
11483,development
11484,development
11485,development
11486,development
11487,development
11488,development
11489,test
11490,development
11491,test
11492,development
11493,development
11494,development
11495,development
11496,test
11497,development
11498,test
11499,development
11500,development
11501,development
11502,development
11503,development
11504,test
11505,test
11506,development
11507,development
11508,development
11509,development
11510,test
11511,development
11512,development
11513,development
11514,development
11515,development
11516,development
11517,development
11518,development
11519,development
11520,development
11521,development
11522,development
11523,development
11524,development
11525,test
11526,development
11527,development
11528,test
11529,development
11530,development
11531,development
11532,development
11533,development
11534,development
11535,test
11536,development
11537,development
11538,development
11539,development
11540,development
11541,development
11542,test
11543,development
11544,development
11545,development
11546,development
11547,development
11548,development
11549,development
11550,development
11551,development
11552,development
11553,development
11554,test
11555,test
11556,test
11557,development
11558,development
11559,development
11560,test
11561,test
11562,development
11563,development
11564,development
11565,development
11566,development
11567,test
11568,development
11569,test
11570,development
11571,development
11572,development
11573,development
11574,development
11575,development
11576,development
11577,test
11578,development
11579,development
11580,development
11581,test
11582,development
11583,development
11584,test
11585,test
11586,development
11587,test
11588,development
11589,development
11590,development
11591,development
11592,development
11593,development
11594,test
11595,test
11596,development
11597,development
11598,development
11599,development
11600,development
11601,development
11602,development
11603,development
11604,development
11605,development
11606,test
11607,test
11608,development
11609,development
11610,development
11611,development
11612,test
11613,development
11614,development
11615,test
11616,development
11617,development
11618,test
11619,test
11620,development
11621,test
11622,development
11623,development
11624,development
11625,development
11626,development
11627,development
11628,test
11629,development
11630,development
11631,development
11632,development
11633,development
11634,test
11635,test
11636,development
11637,development
11638,development
11639,development
11640,development
11641,development
11642,development
11643,test
11644,development
11645,development
11646,development
11647,test
11648,development
11649,development
11650,development
11651,development
11652,development
11653,development
11654,development
11655,development
11656,development
11657,development
11658,development
11659,development
11660,test
11661,development
11662,development
11663,development
11664,development
11665,test
11666,development
11667,development
11668,development
11669,test
11670,development
11671,test
11672,development
11673,test
11674,development
11675,test
11676,development
11677,development
11678,test
11679,development
11680,development
11681,development
11682,development
11683,development
11684,test
11685,development
11686,test
11687,development
11688,development
11689,development
11690,development
11691,development
11692,development
11693,development
11694,development
11695,development
11696,development
11697,development
11698,test
11699,development
11700,development
11701,development
11702,development
11703,test
11704,test
11705,development
11706,development
11707,development
11708,test
11709,development
11710,development
11711,test
11712,development
11713,development
11714,test
11715,development
11716,development
11717,development
11718,development
11719,test
11720,development
11721,development
11722,development
11723,development
11724,test
11725,development
11726,test
11727,development
11728,development
11729,test
11730,development
11731,development
11732,development
11733,development
11734,development
11735,test
11736,development
11737,development
11738,development
11739,development
11740,test
11741,test
11742,development
11743,test
11744,development
11745,development
11746,development
11747,development
11748,development
11749,development
11750,development
11751,development
11752,development
11753,development
11754,development
11755,development
11756,development
11757,development
11758,development
11759,development
11760,development
11761,test
11762,test
11763,development
11764,development
11765,development
11766,test
11767,development
11768,development
11769,development
11770,development
11771,development
11772,development
11773,development
11774,development
11775,test
11776,test
11777,test
11778,test
11779,test
11780,development
11781,development
11782,development
11783,development
11784,development
11785,development
11786,test
11787,development
11788,development
11789,development
11790,development
11791,test
11792,development
11793,development
11794,development
11795,development
11796,development
11797,test
11798,development
11799,development
11800,development
11801,development
11802,development
11803,development
11804,development
11805,development
11806,development
11807,development
11808,development
11809,development
11810,development
11811,development
11812,development
11813,test
11814,development
11815,development
11816,development
11817,development
11818,development
11819,test
11820,test
11821,development
11822,development
11823,development
11824,development
11825,development
11826,development
11827,development
11828,development
11829,development
11830,test
11831,development
11832,development
11833,development
11834,development
11835,development
11836,development
11837,development
11838,development
11839,test
11840,development
11841,test
11842,test
11843,development
11844,development
11845,development
11846,development
11847,development
11848,development
11849,test
11850,test
11851,development
11852,development
11853,test
11854,development
11855,test
11856,development
11857,test
11858,development
11859,development
11860,development
11861,test
11862,development
11863,test
11864,development
11865,development
11866,test
11867,development
11868,development
11869,development
11870,test
11871,development
11872,test
11873,development
11874,development
11875,development
11876,development
11877,development
11878,development
11879,development
11880,development
11881,development
11882,development
11883,development
11884,test
11885,development
11886,development
11887,development
11888,development
11889,development
11890,development
11891,test
11892,development
11893,test
11894,development
11895,development
11896,development
11897,development
11898,development
11899,test
11900,development
11901,development
11902,development
11903,development
11904,development
11905,development
11906,development
11907,development
11908,development
11909,development
11910,development
11911,development
11912,development
11913,development
11914,development
11915,development
11916,development
11917,development
11918,development
11919,development
11920,development
11921,development
11922,development
11923,development
11924,development
11925,development
11926,test
11927,development
11928,development
11929,development
11930,development
11931,development
11932,development
11933,test
11934,development
11935,development
11936,development
11937,development
11938,development
11939,development
11940,development
11941,development
11942,development
11943,test
11944,development
11945,development
11946,development
11947,development
11948,development
11949,development
11950,development
11951,development
11952,development
11953,development
11954,development
11955,development
11956,test
11957,development
11958,development
11959,development
11960,test
11961,development
11962,development
11963,test
11964,development
11965,test
11966,development
11967,development
11968,development
11969,development
11970,development
11971,development
11972,development
11973,development
11974,development
11975,development
11976,development
11977,development
11978,development
11979,development
11980,test
11981,development
11982,development
11983,test
11984,development
11985,development
11986,test
11987,development
11988,development
11989,development
11990,development
11991,development
11992,development
11993,test
11994,development
11995,development
11996,development
11997,development
11998,development
11999,development
12000,development
12001,development
12002,development
12003,development
12004,development
12005,development
12006,development
12007,development
12008,development
12009,development
12010,development
12011,test
12012,development
12013,development
12014,development
12015,development
12016,development
12017,test
12018,development
12019,development
12020,development
12021,development
12022,development
12023,development
12024,test
12025,test
12026,development
12027,development
12028,development
12029,development
12030,test
12031,test
12032,development
12033,development
12034,development
12035,test
12036,development
12037,development
12038,development
12039,test
12040,development
12041,development
12042,development
12043,development
12044,development
12045,development
12046,development
12047,development
12048,development
12049,development
12050,development
12051,development
12052,development
12053,development
12054,development
12055,development
12056,development
12057,test
12058,development
12059,development
12060,development
12061,development
12062,development
12063,test
12064,development
12065,test
12066,test
12067,development
12068,test
12069,development
12070,development
12071,development
12072,development
12073,development
12074,development
12075,development
12076,development
12077,development
12078,development
12079,test
12080,development
12081,development
12082,development
12083,development
12084,development
12085,development
12086,development
12087,development
12088,development
12089,test
12090,development
12091,development
12092,development
12093,test
12094,development
12095,development
12096,test
12097,development
12098,development
12099,development
12100,development
12101,development
12102,development
12103,development
12104,development
12105,development
12106,development
12107,development
12108,development
12109,development
12110,development
12111,development
12112,test
12113,development
12114,development
12115,test
12116,development
12117,development
12118,development
12119,development
12120,development
12121,development
12122,test
12123,development
12124,development
12125,test
12126,development
12127,test
12128,development
12129,development
12130,development
12131,development
12132,development
12133,development
12134,development
12135,development
12136,development
12137,development
12138,development
12139,development
12140,development
12141,development
12142,development
12143,development
12144,development
12145,test
12146,test
12147,development
12148,test
12149,development
12150,development
12151,development
12152,test
12153,development
12154,development
12155,development
12156,development
12157,test
12158,development
12159,development
12160,development
12161,development
12162,development
12163,development
12164,development
12165,test
12166,development
12167,development
12168,test
12169,development
12170,development
12171,development
12172,development
12173,development
12174,development
12175,development
12176,development
12177,development
12178,development
12179,development
12180,test
12181,development
12182,development
12183,development
12184,development
12185,development
12186,development
12187,development
12188,development
12189,development
12190,development
12191,development
12192,development
12193,development
12194,test
12195,development
12196,development
12197,test
12198,development
12199,development
12200,test
12201,development
12202,development
12203,development
12204,development
12205,test
12206,development
12207,development
12208,development
12209,development
12210,development
12211,development
12212,development
12213,development
12214,development
12215,development
12216,development
12217,development
12218,development
12219,development
12220,development
12221,development
12222,test
12223,development
12224,development
12225,development
12226,development
12227,development
12228,development
12229,development
12230,development
12231,development
12232,development
12233,development
12234,development
12235,development
12236,development
12237,development
12238,development
12239,development
12240,development
12241,development
12242,development
12243,development
12244,development
12245,development
12246,development
12247,development
12248,test
12249,development
12250,development
12251,development
12252,development
12253,development
12254,development
12255,development
12256,development
12257,test
12258,development
12259,development
12260,development
12261,development
12262,development
12263,development
12264,development
12265,development
12266,development
12267,development
12268,development
12269,development
12270,development
12271,development
12272,development
12273,development
12274,development
12275,development
12276,test
12277,development
12278,development
12279,development
12280,development
12281,development
12282,test
12283,development
12284,development
12285,development
12286,development
12287,development
12288,development
12289,development
12290,test
12291,development
12292,test
12293,development
12294,development
12295,development
12296,development
12297,development
12298,development
12299,development
12300,development
12301,development
12302,development
12303,development
12304,test
12305,development
12306,development
12307,development
12308,development
12309,development
12310,development
12311,development
12312,development
12313,development
12314,development
12315,development
12316,development
12317,development
12318,development
12319,development
12320,development
12321,development
12322,test
12323,development
12324,development
12325,development
12326,development
12327,development
12328,test
12329,development
12330,development
12331,development
12332,development
12333,development
12334,test
12335,development
12336,development
12337,test
12338,development
12339,development
12340,development
12341,development
12342,development
12343,development
12344,development
12345,development
12346,development
12347,development
12348,development
12349,development
12350,test
12351,development
12352,development
12353,test
12354,development
12355,development
12356,development
12357,development
12358,test
12359,development
12360,development
12361,development
12362,development
12363,development
12364,development
12365,development
12366,development
12367,development
12368,test
12369,development
12370,development
12371,development
12372,development
12373,development
12374,test
12375,test
12376,development
12377,development
12378,development
12379,development
12380,development
12381,test
12382,development
12383,development
12384,development
12385,test
12386,test
12387,development
12388,development
12389,test
12390,development
12391,test
12392,development
12393,development
12394,test
12395,development
12396,development
12397,development
12398,development
12399,development
12400,development
12401,test
12402,test
12403,development
12404,development
12405,development
12406,development
12407,development
12408,test
12409,development
12410,development
12411,development
12412,test
12413,development
12414,development
12415,test
12416,development
12417,development
12418,development
12419,development
12420,development
12421,test
12422,development
12423,development
12424,development
12425,development
12426,development
12427,development
12428,development
12429,development
12430,development
12431,development
12432,development
12433,development
12434,development
12435,test
12436,development
12437,development
12438,development
12439,development
12440,development
12441,development
12442,development
12443,development
12444,test
12445,development
12446,development
12447,development
12448,test
12449,development
12450,test
12451,development
12452,test
12453,development
12454,development
12455,development
12456,test
12457,development
12458,development
12459,development
12460,development
12461,development
12462,development
12463,development
12464,development
12465,development
12466,development
12467,development
12468,development
12469,development
12470,development
12471,test
12472,development
12473,development
12474,development
12475,development
12476,development
12477,development
12478,development
12479,development
12480,development
12481,test
12482,development
12483,development
12484,development
12485,development
12486,development
12487,development
12488,development
12489,test
12490,development
12491,development
12492,test
12493,development
12494,development
12495,development
12496,development
12497,development
12498,development
12499,development
12500,development
12501,development
12502,development
12503,development
12504,development
12505,development
12506,development
12507,development
12508,development
12509,development
12510,development
12511,development
12512,development
12513,development
12514,test
12515,test
12516,test
12517,test
12518,development
12519,development
12520,development
12521,test
12522,development
12523,development
12524,development
12525,test
12526,development
12527,development
12528,development
12529,development
12530,development
12531,development
12532,development
12533,development
12534,development
12535,development
12536,development
12537,test
12538,development
12539,test
12540,development
12541,development
12542,development
12543,development
12544,development
12545,test
12546,development
12547,test
12548,development
12549,development
12550,development
12551,development
12552,test
12553,development
12554,development
12555,development
12556,development
12557,development
12558,development
12559,development
12560,test
12561,development
12562,development
12563,development
12564,development
12565,development
12566,development
12567,development
12568,development
12569,development
12570,development
12571,test
12572,development
12573,development
12574,development
12575,development
12576,development
12577,development
12578,development
12579,development
12580,test
12581,development
12582,development
12583,test
12584,development
12585,development
12586,development
12587,test
12588,test
12589,development
12590,test
12591,development
12592,development
12593,development
12594,development
12595,development
12596,development
12597,development
12598,development
12599,development
12600,development
12601,development
12602,development
12603,development
12604,development
12605,development
12606,test
12607,development
12608,development
12609,development
12610,development
12611,development
12612,development
12613,test
12614,development
12615,development
12616,development
12617,test
12618,development
12619,development
12620,test
12621,test
12622,development
12623,development
12624,development
12625,development
12626,development
12627,development
12628,development
12629,development
12630,development
12631,development
12632,development
12633,development
12634,test
12635,development
12636,test
12637,development
12638,development
12639,development
12640,development
12641,development
12642,development
12643,development
12644,development
12645,development
12646,development
12647,development
12648,development
12649,test
12650,development
12651,development
12652,test
12653,development
12654,development
12655,development
12656,test
12657,test
12658,development
12659,development
12660,development
12661,development
12662,development
12663,development
12664,development
12665,development
12666,development
12667,test
12668,development
12669,test
12670,development
12671,test
12672,development
12673,development
12674,development
12675,development
12676,development
12677,test
12678,test
12679,development
12680,development
12681,development
12682,development
12683,development
12684,test
12685,development
12686,development
12687,test
12688,development
12689,test
12690,development
12691,test
12692,development
12693,development
12694,development
12695,development
12696,development
12697,development
12698,development
12699,development
12700,development
12701,development
12702,development
12703,development
12704,development
12705,development
12706,development
12707,development
12708,test
12709,development
12710,test
12711,development
12712,development
12713,development
12714,test
12715,development
12716,development
12717,development
12718,test
12719,development
12720,development
12721,development
12722,development
12723,development
12724,development
12725,test
12726,development
12727,development
12728,test
12729,development
12730,development
12731,development
12732,development
12733,development
12734,development
12735,test
12736,development
12737,development
12738,development
12739,development
12740,development
12741,development
12742,development
12743,development
12744,development
12745,development
12746,development
12747,development
12748,development
12749,development
12750,development
12751,development
12752,development
12753,development
12754,development
12755,development
12756,test
12757,development
12758,test
12759,development
12760,test
12761,development
12762,development
12763,test
12764,development
12765,development
12766,test
12767,test
12768,development
12769,development
12770,development
12771,development
12772,development
12773,test
12774,development
12775,test
12776,development
12777,development
12778,development
12779,development
12780,development
12781,development
12782,development
12783,test
12784,development
12785,development
12786,test
12787,development
12788,test
12789,development
12790,development
12791,development
12792,development
12793,development
12794,development
12795,test
12796,development
12797,test
12798,development
12799,development
12800,development
12801,test
12802,development
12803,development
12804,test
12805,test
12806,development
12807,development
12808,test
12809,development
12810,development
12811,development
12812,development
12813,test
12814,development
12815,development
12816,test
12817,test
12818,development
12819,development
12820,development
12821,development
12822,development
12823,development
12824,development
12825,development
12826,development
12827,development
12828,development
12829,test
12830,test
12831,test
12832,development
12833,development
12834,development
12835,development
12836,development
12837,development
12838,development
12839,development
12840,development
12841,development
12842,test
12843,development
12844,development
12845,development
12846,test
12847,development
12848,development
12849,test
12850,development
12851,test
12852,development
12853,development
12854,development
12855,development
12856,development
12857,test
12858,development
12859,development
12860,development
12861,development
12862,development
12863,development
12864,development
12865,development
12866,development
12867,development
12868,development
12869,development
12870,test
12871,development
12872,test
12873,development
12874,development
12875,development
12876,development
12877,development
12878,development
12879,development
12880,development
12881,test
12882,development
12883,development
12884,test
12885,test
12886,development
12887,test
12888,development
12889,development
12890,development
12891,test
12892,development
12893,development
12894,development
12895,development
12896,development
12897,development
12898,test
12899,test
12900,development
12901,development
12902,development
12903,development
12904,development
12905,development
12906,development
12907,development
12908,test
12909,development
12910,test
12911,development
12912,development
12913,development
12914,development
12915,test
12916,development
12917,development
12918,development
12919,development
12920,development
12921,development
12922,development
12923,development
12924,development
12925,development
12926,test
12927,test
12928,test
12929,development
12930,test
12931,test
12932,development
12933,development
12934,development
12935,development
12936,development
12937,development
12938,development
12939,development
12940,development
12941,development
12942,development
12943,development
12944,test
12945,test
12946,development
12947,development
12948,test
12949,development
12950,test
12951,development
12952,development
12953,development
12954,development
12955,development
12956,development
12957,development
12958,development
12959,development
12960,development
12961,development
12962,development
12963,development
12964,development
12965,test
12966,test
12967,development
12968,development
12969,development
12970,development
12971,development
12972,development
12973,development
12974,development
12975,development
12976,development
12977,development
12978,development
12979,development
12980,development
12981,development
12982,development
12983,test
12984,development
12985,development
12986,development
12987,development
12988,test
12989,development
12990,development
12991,development
12992,development
12993,development
12994,test
12995,development
12996,development
12997,development
12998,development
12999,development
13000,development
13001,development
13002,development
13003,development
13004,development
13005,development
13006,development
13007,development
13008,test
13009,development
13010,development
13011,development
13012,development
13013,development
13014,development
13015,test
13016,development
13017,test
13018,development
13019,development
13020,development
13021,test
13022,development
13023,development
13024,development
13025,development
13026,development
13027,test
13028,development
13029,development
13030,development
13031,development
13032,test
13033,development
13034,development
13035,test
13036,development
13037,test
13038,development
13039,development
13040,development
13041,development
13042,development
13043,development
13044,development
13045,test
13046,development
13047,development
13048,test
13049,test
13050,development
13051,development
13052,development
13053,development
13054,development
13055,development
13056,test
13057,development
13058,development
13059,development
13060,development
13061,development
13062,development
13063,development
13064,development
13065,development
13066,development
13067,development
13068,development
13069,development
13070,development
13071,test
13072,development
13073,development
13074,development
13075,development
13076,development
13077,development
13078,development
13079,development
13080,development
13081,test
13082,development
13083,development
13084,development
13085,development
13086,development
13087,development
13088,development
13089,development
13090,development
13091,development
13092,development
13093,test
13094,development
13095,development
13096,development
13097,development
13098,test
13099,test
13100,development
13101,development
13102,test
13103,development
13104,development
13105,development
13106,development
13107,development
13108,development
13109,development
13110,development
13111,development
13112,development
13113,development
13114,development
13115,development
13116,development
13117,development
13118,development
13119,development
13120,development
13121,development
13122,development
13123,development
13124,test
13125,test
13126,development
13127,development
13128,development
13129,development
13130,development
13131,test
13132,development
13133,development
13134,development
13135,development
13136,test
13137,development
13138,test
13139,test
13140,development
13141,development
13142,test
13143,development
13144,development
13145,development
13146,development
13147,development
13148,test
13149,development
13150,development
13151,test
13152,development
13153,development
13154,development
13155,development
13156,test
13157,development
13158,development
13159,development
13160,development
13161,development
13162,development
13163,development
13164,test
13165,test
13166,development
13167,development
13168,development
13169,test
13170,development
13171,development
13172,development
13173,development
13174,development
13175,development
13176,development
13177,development
13178,development
13179,development
13180,test
13181,development
13182,development
13183,development
13184,development
13185,development
13186,development
13187,development
13188,development
13189,development
13190,development
13191,development
13192,development
13193,development
13194,development
13195,development
13196,development
13197,development
13198,development
13199,development
13200,development
13201,test
13202,development
13203,development
13204,development
13205,development
13206,development
13207,development
13208,development
13209,test
13210,development
13211,test
13212,development
13213,development
13214,test
13215,development
13216,test
13217,development
13218,development
13219,development
13220,development
13221,development
13222,test
13223,development
13224,test
13225,test
13226,development
13227,development
13228,development
13229,development
13230,development
13231,development
13232,development
13233,test
13234,development
13235,development
13236,development
13237,development
13238,development
13239,development
13240,development
13241,development
13242,development
13243,development
13244,development
13245,development
13246,test
13247,development
13248,development
13249,test
13250,development
13251,development
13252,development
13253,development
13254,development
13255,development
13256,development
13257,development
13258,test
13259,development
13260,test
13261,development
13262,development
13263,test
13264,development
13265,development
13266,development
13267,development
13268,development
13269,development
13270,development
13271,development
13272,development
13273,development
13274,development
13275,development
13276,development
13277,development
13278,development
13279,development
13280,test
13281,development
13282,test
13283,development
13284,development
13285,development
13286,development
13287,development
13288,development
13289,development
13290,test
13291,development
13292,development
13293,development
13294,development
13295,development
13296,development
13297,test
13298,development
13299,development
13300,test
13301,development
13302,development
13303,development
13304,development
13305,development
13306,development
13307,development
13308,test
13309,development
13310,test
13311,development
13312,development
13313,development
13314,development
13315,development
13316,development
13317,development
13318,development
13319,development
13320,development
13321,development
13322,development
13323,test
13324,development
13325,development
13326,development
13327,development
13328,development
13329,development
13330,test
13331,development
13332,test
13333,development
13334,test
13335,test
13336,development
13337,test
13338,development
13339,development
13340,development
13341,development
13342,development
13343,test
13344,development
13345,development
13346,development
13347,development
13348,development
13349,test
13350,development
13351,development
13352,development
13353,test
13354,development
13355,development
13356,development
13357,test
13358,development
13359,development
13360,test
13361,development
13362,development
13363,development
13364,development
13365,development
13366,development
13367,test
13368,development
13369,development
13370,development
13371,development
13372,development
13373,development
13374,development
13375,development
13376,development
13377,development
13378,test
13379,development
13380,development
13381,test
13382,development
13383,development
13384,development
13385,development
13386,test
13387,development
13388,development
13389,development
13390,development
13391,test
13392,development
13393,development
13394,development
13395,development
13396,development
13397,development
13398,development
13399,development
13400,development
13401,development
13402,development
13403,development
13404,development
13405,development
13406,development
13407,development
13408,test
13409,development
13410,development
13411,development
13412,development
13413,development
13414,development
13415,development
13416,development
13417,development
13418,development
13419,development
13420,development
13421,test
13422,development
13423,development
13424,development
13425,development
13426,development
13427,development
13428,development
13429,development
13430,development
13431,development
13432,test
13433,development
13434,development
13435,development
13436,development
13437,development
13438,development
13439,development
13440,development
13441,development
13442,development
13443,development
13444,development
13445,test
13446,development
13447,development
13448,development
13449,development
13450,development
13451,development
13452,development
13453,test
13454,development
13455,development
13456,development
13457,development
13458,development
13459,development
13460,development
13461,development
13462,development
13463,test
13464,test
13465,development
13466,development
13467,development
13468,development
13469,test
13470,development
13471,test
13472,test
13473,test
13474,development
13475,development
13476,development
13477,test
13478,development
13479,development
13480,development
13481,development
13482,development
13483,development
13484,development
13485,test
13486,development
13487,test
13488,development
13489,development
13490,development
13491,development
13492,development
13493,development
13494,development
13495,development
13496,development
13497,development
13498,development
13499,development
13500,test
13501,test
13502,development
13503,development
13504,development
13505,development
13506,test
13507,development
13508,development
13509,development
13510,development
13511,test
13512,development
13513,test
13514,test
13515,test
13516,development
13517,development
13518,test
13519,development
13520,development
13521,test
13522,development
13523,development
13524,development
13525,development
13526,development
13527,development
13528,development
13529,development
13530,development
13531,test
13532,development
13533,development
13534,development
13535,development
13536,test
13537,development
13538,development
13539,test
13540,development
13541,development
13542,development
13543,development
13544,development
13545,test
13546,development
13547,development
13548,development
13549,development
13550,test
13551,test
13552,development
13553,development
13554,development
13555,development
13556,test
13557,development
13558,development
13559,test
13560,development
13561,development
13562,development
13563,development
13564,development
13565,development
13566,test
13567,test
13568,development
13569,development
13570,development
13571,test
13572,development
13573,test
13574,test
13575,test
13576,test
13577,development
13578,development
13579,development
13580,development
13581,test
13582,development
13583,development
13584,development
13585,development
13586,development
13587,test
13588,test
13589,development
13590,test
13591,development
13592,test
13593,development
13594,development
13595,test
13596,test
13597,development
13598,development
13599,test
13600,development
13601,development
13602,test
13603,development
13604,development
13605,development
13606,development
13607,test
13608,development
13609,development
13610,development
13611,test
13612,development
13613,development
13614,development
13615,development
13616,development
13617,development
13618,test
13619,development
13620,development
13621,development
13622,development
13623,development
13624,test
13625,development
13626,test
13627,development
13628,development
13629,test
13630,development
13631,development
13632,development
13633,development
13634,development
13635,development
13636,test
13637,development
13638,development
13639,test
13640,development
13641,development
13642,development
13643,development
13644,development
13645,development
13646,development
13647,development
13648,test
13649,development
13650,test
13651,development
13652,development
13653,development
13654,development
13655,development
13656,development
13657,development
13658,test
13659,development
13660,development
13661,development
13662,development
13663,development
13664,development
13665,development
13666,development
13667,development
13668,test
13669,development
13670,development
13671,test
13672,development
13673,development
13674,test
13675,development
13676,development
13677,development
13678,test
13679,development
13680,development
13681,development
13682,development
13683,development
13684,development
13685,development
13686,development
13687,development
13688,development
13689,development
13690,development
13691,development
13692,test
13693,development
13694,development
13695,development
13696,development
13697,development
13698,development
13699,development
13700,development
13701,test
13702,test
13703,development
13704,development
13705,development
13706,development
13707,development
13708,development
13709,test
13710,development
13711,development
13712,development
13713,test
13714,test
13715,development
13716,development
13717,development
13718,development
13719,development
13720,test
13721,development
13722,development
13723,development
13724,development
13725,development
13726,development
13727,development
13728,test
13729,development
13730,development
13731,development
13732,development
13733,development
13734,development
13735,development
13736,development
13737,development
13738,test
13739,development
13740,development
13741,development
13742,development
13743,development
13744,test
13745,development
13746,development
13747,test
13748,development
13749,development
13750,development
13751,development
13752,development
13753,development
13754,development
13755,development
13756,test
13757,development
13758,test
13759,development
13760,development
13761,development
13762,development
13763,development
13764,development
13765,development
13766,development
13767,development
13768,test
13769,development
13770,development
13771,test
13772,test
13773,test
13774,development
13775,development
13776,development
13777,test
13778,development
13779,development
13780,development
13781,development
13782,development
13783,test
13784,development
13785,development
13786,development
13787,development
13788,development
13789,development
13790,development
13791,test
13792,development
13793,development
13794,development
13795,development
13796,development
13797,development
13798,development
13799,test
13800,development
13801,development
13802,development
13803,test
13804,development
13805,development
13806,development
13807,development
13808,development
13809,development
13810,test
13811,development
13812,development
13813,test
13814,development
13815,development
13816,development
13817,development
13818,development
13819,development
13820,test
13821,development
13822,development
13823,development
13824,test
13825,development
13826,development
13827,development
13828,development
13829,development
13830,development
13831,development
13832,development
13833,test
13834,development
13835,development
13836,development
13837,development
13838,test
13839,test
13840,development
13841,development
13842,development
13843,development
13844,development
13845,development
13846,development
13847,development
13848,development
13849,development
13850,development
13851,development
13852,test
13853,development
13854,development
13855,development
13856,development
13857,test
13858,development
13859,development
13860,development
13861,development
13862,development
13863,test
13864,development
13865,development
13866,test
13867,development
13868,development
13869,development
13870,development
13871,development
13872,development
13873,development
13874,development
13875,development
13876,test
13877,development
13878,development
13879,development
13880,development
13881,test
13882,development
13883,development
13884,development
13885,development
13886,test
13887,development
13888,development
13889,test
13890,development
13891,development
13892,development
13893,development
13894,development
13895,development
13896,development
13897,development
13898,development
13899,development
13900,development
13901,test
13902,development
13903,development
13904,test
13905,development
13906,development
13907,development
13908,development
13909,development
13910,development
13911,development
13912,test
13913,development
13914,test
13915,development
13916,development
13917,test
13918,development
13919,development
13920,development
13921,test
13922,development
13923,development
13924,development
13925,development
13926,development
13927,development
13928,development
13929,development
13930,development
13931,test
13932,test
13933,development
13934,development
13935,development
13936,development
13937,development
13938,test
13939,development
13940,development
13941,development
13942,development
13943,development
13944,development
13945,development
13946,development
13947,development
13948,test
13949,development
13950,development
13951,development
13952,development
13953,development
13954,development
13955,development
13956,development
13957,development
13958,test
13959,test
13960,development
13961,development
13962,development
13963,test
13964,test
13965,test
13966,development
13967,development
13968,development
13969,development
13970,development
13971,development
13972,development
13973,test
13974,development
13975,development
13976,development
13977,development
13978,development
13979,test
13980,development
13981,development
13982,test
13983,development
13984,test
13985,test
13986,development
13987,development
13988,development
13989,test
13990,test
13991,development
13992,development
13993,development
13994,development
13995,test
13996,development
13997,development
13998,development
13999,development
14000,development
14001,development
14002,development
14003,development
14004,development
14005,test
14006,development
14007,development
14008,development
14009,development
14010,development
14011,test
14012,development
14013,development
14014,test
14015,development
14016,development
14017,development
14018,development
14019,development
14020,development
14021,development
14022,test
14023,development
14024,development
14025,development
14026,test
14027,development
14028,development
14029,development
14030,development
14031,development
14032,development
14033,development
14034,test
14035,development
14036,test
14037,development
14038,test
14039,development
14040,development
14041,test
14042,development
14043,development
14044,development
14045,development
14046,test
14047,development
14048,development
14049,development
14050,development
14051,test
14052,development
14053,development
14054,development
14055,test
14056,development
14057,test
14058,test
14059,test
14060,development
14061,development
14062,development
14063,development
14064,development
14065,development
14066,development
14067,development
14068,development
14069,test
14070,development
14071,development
14072,development
14073,test
14074,development
14075,development
14076,development
14077,development
14078,development
14079,development
14080,test
14081,test
14082,test
14083,development
14084,development
14085,development
14086,development
14087,development
14088,development
14089,test
14090,development
14091,development
14092,development
14093,development
14094,test
14095,test
14096,development
14097,development
14098,development
14099,development
14100,test
14101,development
14102,development
14103,development
14104,development
14105,development
14106,development
14107,development
14108,development
14109,development
14110,development
14111,development
14112,test
14113,development
14114,development
14115,development
14116,development
14117,development
14118,development
14119,development
14120,development
14121,test
14122,development
14123,test
14124,test
14125,test
14126,development
14127,development
14128,test
14129,development
14130,test
14131,development
14132,development
14133,development
14134,development
14135,development
14136,test
14137,development
14138,test
14139,development
14140,development
14141,development
14142,test
14143,development
14144,development
14145,development
14146,test
14147,test
14148,development
14149,development
14150,test
14151,development
14152,test
14153,test
14154,development
14155,development
14156,development
14157,development
14158,development
14159,development
14160,development
14161,development
14162,development
14163,test
14164,test
14165,test
14166,development
14167,test
14168,development
14169,development
14170,development
14171,test
14172,test
14173,test
14174,development
14175,test
14176,development
14177,development
14178,development
14179,development
14180,development
14181,development
14182,development
14183,development
14184,development
14185,test
14186,development
14187,test
14188,development
14189,development
14190,development
14191,development
14192,development
14193,development
14194,development
14195,development
14196,test
14197,development
14198,development
14199,test
14200,test
14201,development
14202,development
14203,development
14204,development
14205,development
14206,development
14207,development
14208,development
14209,development
14210,development
14211,test
14212,test
14213,development
14214,development
14215,test
14216,development
14217,development
14218,development
14219,test
14220,test
14221,development
14222,development
14223,development
14224,development
14225,development
14226,development
14227,development
14228,development
14229,test
14230,test
14231,development
14232,development
14233,development
14234,development
14235,development
14236,development
14237,development
14238,development
14239,development
14240,development
14241,test
14242,test
14243,development
14244,development
14245,test
14246,development
14247,test
14248,development
14249,development
14250,development
14251,development
14252,development
14253,test
14254,test
14255,development
14256,development
14257,development
14258,test
14259,development
14260,development
14261,development
14262,development
14263,test
14264,test
14265,development
14266,development
14267,development
14268,development
14269,development
14270,development
14271,development
14272,development
14273,development
14274,test
14275,development
14276,test
14277,development
14278,test
14279,development
14280,development
14281,development
14282,development
14283,development
14284,test
14285,development
14286,development
14287,development
14288,development
14289,development
14290,development
14291,test
14292,development
14293,development
14294,development
14295,development
14296,development
14297,development
14298,test
14299,test
14300,development
14301,development
14302,test
14303,development
14304,test
14305,development
14306,development
14307,test
14308,development
14309,test
14310,development
14311,development
14312,development
14313,development
14314,development
14315,test
14316,development
14317,development
14318,development
14319,development
14320,development
14321,development
14322,development
14323,development
14324,development
14325,development
14326,development
14327,test
14328,test
14329,development
14330,development
14331,development
14332,development
14333,test
14334,development
14335,development
14336,development
14337,development
14338,development
14339,development
14340,development
14341,development
14342,development
14343,development
14344,development
14345,development
14346,development
14347,development
14348,development
14349,test
14350,test
14351,test
14352,development
14353,development
14354,development
14355,development
14356,development
14357,development
14358,development
14359,development
14360,development
14361,development
14362,development
14363,development
14364,development
14365,development
14366,development
14367,development
14368,development
14369,development
14370,test
14371,development
14372,development
14373,test
14374,test
14375,development
14376,development
14377,development
14378,development
14379,development
14380,test
14381,test
14382,development
14383,development
14384,development
14385,development
14386,test
14387,development
14388,development
14389,development
14390,development
14391,development
14392,development
14393,test
14394,development
14395,development
14396,development
14397,development
14398,development
14399,development
14400,test
14401,development
14402,development
14403,development
14404,test
14405,development
14406,development
14407,development
14408,development
14409,development
14410,development
14411,development
14412,development
14413,development
14414,test
14415,development
14416,test
14417,development
14418,development
14419,development
14420,test
14421,development
14422,development
14423,test
14424,development
14425,development
14426,development
14427,development
14428,test
14429,test
14430,development
14431,test
14432,development
14433,development
14434,development
14435,development
14436,development
14437,development
14438,test
14439,development
14440,development
14441,development
14442,test
14443,development
14444,development
14445,development
14446,development
14447,test
14448,development
14449,development
14450,development
14451,development
14452,development
14453,development
14454,test
14455,development
14456,test
14457,development
14458,development
14459,test
14460,development
14461,development
14462,development
14463,development
14464,test
14465,development
14466,development
14467,development
14468,development
14469,development
14470,development
14471,development
14472,test
14473,development
14474,test
14475,development
14476,development
14477,development
14478,development
14479,development
14480,test
14481,development
14482,development
14483,development
14484,development
14485,development
14486,test
14487,development
14488,development
14489,test
14490,test
14491,development
14492,development
14493,development
14494,development
14495,test
14496,development
14497,development
14498,development
14499,development
14500,development
14501,development
14502,development
14503,development
14504,development
14505,development
14506,development
14507,development
14508,development
14509,development
14510,test
14511,development
14512,development
14513,development
14514,test
14515,development
14516,test
14517,development
14518,development
14519,test
14520,development
14521,development
14522,test
14523,development
14524,development
14525,test
14526,development
14527,test
14528,test
14529,development
14530,development
14531,development
14532,development
14533,development
14534,development
14535,development
14536,development
14537,development
14538,development
14539,development
14540,development
14541,development
14542,development
14543,development
14544,development
14545,development
14546,development
14547,development
14548,development
14549,development
14550,development
14551,development
14552,development
14553,development
14554,test
14555,development
14556,development
14557,test
14558,development
14559,development
14560,test
14561,development
14562,development
14563,development
14564,development
14565,development
14566,development
14567,test
14568,development
14569,development
14570,development
14571,development
14572,development
14573,development
14574,development
14575,development
14576,development
14577,development
14578,test
14579,development
14580,test
14581,test
14582,test
14583,development
14584,development
14585,development
14586,development
14587,development
14588,test
14589,test
14590,test
14591,test
14592,development
14593,development
14594,test
14595,test
14596,development
14597,development
14598,development
14599,development
14600,test
14601,development
14602,test
14603,development
14604,development
14605,development
14606,development
14607,test
14608,development
14609,development
14610,development
14611,development
14612,development
14613,development
14614,development
14615,development
14616,development
14617,development
14618,development
14619,development
14620,development
14621,development
14622,development
14623,development
14624,development
14625,development
14626,development
14627,development
14628,test
14629,development
14630,development
14631,development
14632,development
14633,development
14634,development
14635,development
14636,development
14637,development
14638,test
14639,development
14640,test
14641,development
14642,test
14643,development
14644,development
14645,development
14646,development
14647,development
14648,test
14649,development
14650,development
14651,development
14652,development
14653,development
14654,development
14655,development
14656,development
14657,test
14658,development
14659,development
14660,development
14661,development
14662,development
14663,development
14664,development
14665,test
14666,development
14667,test
14668,development
14669,development
14670,development
14671,development
14672,test
14673,test
14674,development
14675,development
14676,development
14677,development
14678,development
14679,test
14680,test
14681,development
14682,development
14683,development
14684,development
14685,development
14686,development
14687,development
14688,development
14689,development
14690,development
14691,development
14692,development
14693,development
14694,development
14695,development
14696,development
14697,development
14698,development
14699,test
14700,development
14701,development
14702,test
14703,development
14704,development
14705,development
14706,development
14707,development
14708,development
14709,test
14710,development
14711,development
14712,development
14713,development
14714,development
14715,development
14716,development
14717,test
14718,test
14719,development
14720,development
14721,test
14722,test
14723,development
14724,development
14725,development
14726,development
14727,development
14728,development
14729,development
14730,development
14731,test
14732,development
14733,test
14734,development
14735,development
14736,development
14737,test
14738,test
14739,development
14740,development
14741,development
14742,development
14743,development
14744,development
14745,development
14746,development
14747,development
14748,development
14749,development
14750,development
14751,test
14752,development
14753,development
14754,development
14755,test
14756,test
14757,development
14758,development
14759,development
14760,development
14761,test
14762,development
14763,development
14764,development
14765,test
14766,development
14767,development
14768,development
14769,development
14770,development
14771,development
14772,development
14773,development
14774,development
14775,development
14776,development
14777,development
14778,development
14779,development
14780,development
14781,development
14782,development
14783,development
14784,test
14785,development
14786,development
14787,development
14788,development
14789,development
14790,development
14791,development
14792,development
14793,development
14794,test
14795,development
14796,test
14797,development
14798,development
14799,development
14800,development
14801,development
14802,development
14803,test
14804,development
14805,development
14806,test
14807,development
14808,development
14809,development
14810,development
14811,test
14812,development
14813,test
14814,test
14815,development
14816,development
14817,development
14818,test
14819,development
14820,test
14821,development
14822,test
14823,development
14824,test
14825,development
14826,development
14827,development
14828,development
14829,development
14830,development
14831,development
14832,development
14833,development
14834,development
14835,development
14836,development
14837,development
14838,development
14839,development
14840,development
14841,development
14842,development
14843,development
14844,development
14845,development
14846,development
14847,development
14848,development
14849,test
14850,development
14851,development
14852,development
14853,test
14854,development
14855,development
14856,development
14857,development
14858,test
14859,development
14860,development
14861,development
14862,development
14863,development
14864,development
14865,development
14866,development
14867,development
14868,development
14869,development
14870,development
14871,development
14872,development
14873,development
14874,development
14875,development
14876,test
14877,development
14878,test
14879,development
14880,development
14881,development
14882,development
14883,development
14884,development
14885,development
14886,development
14887,development
14888,development
14889,development
14890,development
14891,development
14892,development
14893,development
14894,development
14895,development
14896,development
14897,development
14898,test
14899,test
14900,development
14901,development
14902,development
14903,development
14904,test
14905,development
14906,test
14907,development
14908,development
14909,test
14910,development
14911,development
14912,test
14913,test
14914,development
14915,test
14916,development
14917,development
14918,development
14919,test
14920,development
14921,development
14922,development
14923,test
14924,development
14925,development
14926,development
14927,development
14928,development
14929,development
14930,development
14931,development
14932,development
14933,development
14934,development
14935,development
14936,development
14937,development
14938,development
14939,development
14940,development
14941,development
14942,development
14943,development
14944,development
14945,development
14946,development
14947,test
14948,development
14949,development
14950,development
14951,development
14952,test
14953,development
14954,development
14955,development
14956,development
14957,test
14958,development
14959,development
14960,development
14961,test
14962,development
14963,development
14964,development
14965,development
14966,development
14967,development
14968,development
14969,test
14970,test
14971,development
14972,development
14973,development
14974,development
14975,test
14976,development
14977,development
14978,test
14979,test
14980,development
14981,development
14982,development
14983,development
14984,test
14985,development
14986,development
14987,development
14988,test
14989,development
14990,test
14991,development
14992,development
14993,development
14994,development
14995,development
14996,development
14997,test
14998,development
14999,development
15000,development
15001,development
15002,development
15003,development
15004,development
15005,development
15006,development
15007,development
15008,development
15009,test
15010,development
15011,development
15012,development
15013,development
15014,test
15015,development
15016,development
15017,test
15018,development
15019,test
15020,development
15021,development
15022,test
15023,development
15024,development
15025,development
15026,development
15027,development
15028,development
15029,test
15030,development
15031,development
15032,test
15033,development
15034,development
15035,development
15036,development
15037,development
15038,test
15039,development
15040,development
15041,development
15042,development
15043,test
15044,development
15045,test
15046,development
15047,development
15048,development
15049,development
15050,development
15051,test
15052,development
15053,development
15054,development
15055,development
15056,development
15057,development
15058,development
15059,test
15060,development
15061,development
15062,development
15063,test
15064,development
15065,development
15066,development
15067,test
15068,development
15069,development
15070,development
15071,development
15072,development
15073,development
15074,test
15075,development
15076,development
15077,development
15078,development
15079,development
15080,development
15081,development
15082,development
15083,development
15084,development
15085,development
15086,development
15087,test
15088,development
15089,development
15090,test
15091,development
15092,test
15093,development
15094,test
15095,development
15096,development
15097,development
15098,development
15099,development
15100,development
15101,development
15102,development
15103,development
15104,development
15105,development
15106,development
15107,test
15108,development
15109,test
15110,development
15111,test
15112,test
15113,development
15114,development
15115,development
15116,development
15117,development
15118,development
15119,development
15120,test
15121,development
15122,development
15123,development
15124,test
15125,development
15126,development
15127,development
15128,development
15129,development
15130,development
15131,test
15132,test
15133,test
15134,test
15135,test
15136,test
15137,development
15138,development
15139,development
15140,test
15141,development
15142,development
15143,development
15144,development
15145,development
15146,development
15147,test
15148,development
15149,development
15150,development
15151,development
15152,development
15153,development
15154,development
15155,test
15156,development
15157,development
15158,development
15159,development
15160,development
15161,development
15162,test
15163,test
15164,test
15165,test
15166,test
15167,development
15168,development
15169,development
15170,development
15171,development
15172,development
15173,development
15174,development
15175,development
15176,development
15177,development
15178,development
15179,test
15180,development
15181,development
15182,test
15183,test
15184,development
15185,development
15186,test
15187,development
15188,development
15189,development
15190,test
15191,development
15192,development
15193,development
15194,test
15195,development
15196,development
15197,development
15198,development
15199,development
15200,development
15201,development
15202,development
15203,development
15204,development
15205,development
15206,test
15207,development
15208,development
15209,development
15210,development
15211,test
15212,development
15213,development
15214,development
15215,development
15216,test
15217,development
15218,development
15219,development
15220,development
15221,development
15222,test
15223,development
15224,test
15225,development
15226,development
15227,development
15228,development
15229,development
15230,development
15231,test
15232,development
15233,test
15234,development
15235,development
15236,development
15237,development
15238,development
15239,development
15240,test
15241,development
15242,development
15243,development
15244,development
15245,development
15246,test
15247,development
15248,development
15249,development
15250,development
15251,test
15252,test
15253,test
15254,test
15255,development
15256,development
15257,development
15258,development
15259,development
15260,development
15261,development
15262,development
15263,test
15264,test
15265,development
15266,test
15267,development
15268,development
15269,development
15270,development
15271,development
15272,development
15273,test
15274,development
15275,development
15276,development
15277,test
15278,development
15279,development
15280,test
15281,development
15282,test
15283,development
15284,development
15285,development
15286,development
15287,development
15288,development
15289,development
15290,development
15291,development
15292,test
15293,development
15294,development
15295,test
15296,development
15297,development
15298,development
15299,development
15300,development
15301,development
15302,development
15303,development
15304,development
15305,development
15306,development
15307,development
15308,development
15309,development
15310,development
15311,development
15312,development
15313,test
15314,development
15315,development
15316,test
15317,test
15318,development
15319,development
15320,development
15321,test
15322,development
15323,development
15324,development
15325,development
15326,test
15327,development
15328,development
15329,development
15330,development
15331,development
15332,development
15333,development
15334,development
15335,development
15336,development
15337,test
15338,development
15339,development
15340,test
15341,development
15342,development
15343,test
15344,development
15345,development
15346,test
15347,test
15348,test
15349,development
15350,development
15351,development
15352,development
15353,development
15354,development
15355,development
15356,test
15357,development
15358,test
15359,development
15360,development
15361,development
15362,development
15363,development
15364,test
15365,development
15366,test
15367,development
15368,development
15369,development
15370,development
15371,development
15372,development
15373,development
15374,development
15375,development
15376,development
15377,development
15378,development
15379,development
15380,development
15381,development
15382,development
15383,development
15384,test
15385,development
15386,development
15387,development
15388,development
15389,development
15390,test
15391,test
15392,development
15393,development
15394,development
15395,test
15396,development
15397,test
15398,development
15399,development
15400,development
15401,test
15402,test
15403,development
15404,test
15405,development
15406,development
15407,development
15408,development
15409,development
15410,development
15411,development
15412,development
15413,development
15414,development
15415,test
15416,development
15417,test
15418,development
15419,development
15420,test
15421,development
15422,development
15423,development
15424,development
15425,development
15426,development
15427,development
15428,test
15429,test
15430,development
15431,development
15432,development
15433,development
15434,development
15435,test
15436,development
15437,development
15438,development
15439,test
15440,development
15441,development
15442,test
15443,development
15444,development
15445,test
15446,test
15447,development
15448,development
15449,development
15450,development
15451,development
15452,development
15453,development
15454,development
15455,development
15456,development
15457,development
15458,development
15459,development
15460,development
15461,development
15462,test
15463,development
15464,test
15465,development
15466,development
15467,development
15468,development
15469,development
15470,development
15471,development
15472,development
15473,development
15474,development
15475,development
15476,development
15477,development
15478,development
15479,development
15480,development
15481,development
15482,development
15483,development
15484,test
15485,development
15486,development
15487,development
15488,development
15489,development
15490,development
15491,development
15492,development
15493,development
15494,development
15495,development
15496,development
15497,test
15498,test
15499,development
15500,development
15501,test
15502,development
15503,test
15504,development
15505,development
15506,development
15507,development
15508,development
15509,test
15510,development
15511,development
15512,development
15513,development
15514,development
15515,test
15516,development
15517,development
15518,development
15519,development
15520,development
15521,development
15522,development
15523,development
15524,development
15525,development
15526,development
15527,development
15528,development
15529,development
15530,test
15531,development
15532,development
15533,development
15534,development
15535,development
15536,test
15537,development
15538,development
15539,development
15540,test
15541,development
15542,development
15543,development
15544,test
15545,development
15546,test
15547,development
15548,development
15549,development
15550,development
15551,test
15552,development
15553,development
15554,development
15555,development
15556,development
15557,development
15558,development
15559,development
15560,test
15561,development
15562,development
15563,test
15564,development
15565,test
15566,development
15567,development
15568,development
15569,test
15570,development
15571,development
15572,development
15573,test
15574,development
15575,development
15576,test
15577,development
15578,development
15579,development
15580,test
15581,development
15582,development
15583,test
15584,test
15585,development
15586,test
15587,development
15588,development
15589,development
15590,development
15591,development
15592,test
15593,development
15594,development
15595,test
15596,development
15597,development
15598,development
15599,test
15600,development
15601,development
15602,development
15603,development
15604,development
15605,development
15606,development
15607,development
15608,development
15609,test
15610,development
15611,development
15612,development
15613,development
15614,test
15615,development
15616,development
15617,development
15618,development
15619,test
15620,development
15621,development
15622,development
15623,development
15624,development
15625,development
15626,development
15627,test
15628,test
15629,test
15630,development
15631,development
15632,test
15633,development
15634,development
15635,development
15636,development
15637,test
15638,development
15639,development
15640,development
15641,development
15642,test
15643,test
15644,development
15645,development
15646,development
15647,test
15648,development
15649,test
15650,test
15651,development
15652,development
15653,development
15654,test
15655,test
15656,development
15657,development
15658,development
15659,development
15660,development
15661,development
15662,development
15663,development
15664,test
15665,development
15666,development
15667,development
15668,development
15669,development
15670,test
15671,development
15672,development
15673,development
15674,development
15675,development
15676,development
15677,development
15678,development
15679,development
15680,development
15681,development
15682,development
15683,development
15684,development
15685,development
15686,development
15687,development
15688,development
15689,development
15690,test
15691,development
15692,development
15693,development
15694,development
15695,test
15696,development
15697,development
15698,development
15699,development
15700,development
15701,development
15702,development
15703,development
15704,development
15705,development
15706,development
15707,development
15708,development
15709,development
15710,development
15711,test
15712,development
15713,development
15714,development
15715,test
15716,development
15717,development
15718,development
15719,development
15720,test
15721,test
15722,development
15723,development
15724,development
15725,development
15726,development
15727,development
15728,development
15729,development
15730,test
15731,development
15732,test
15733,development
15734,development
15735,development
15736,development
15737,test
15738,test
15739,development
15740,development
15741,test
15742,development
15743,development
15744,test
15745,test
15746,development
15747,test
15748,development
15749,development
15750,development
15751,development
15752,development
15753,test
15754,development
15755,development
15756,test
15757,test
15758,development
15759,development
15760,development
15761,development
15762,development
15763,test
15764,development
15765,test
15766,development
15767,test
15768,development
15769,development
15770,test
15771,test
15772,development
15773,development
15774,development
15775,test
15776,development
15777,development
15778,development
15779,development
15780,test
15781,development
15782,development
15783,development
15784,development
15785,development
15786,development
15787,development
15788,test
15789,test
15790,development
15791,development
15792,development
15793,development
15794,development
15795,development
15796,development
15797,development
15798,development
15799,development
15800,development
15801,development
15802,test
15803,development
15804,test
15805,test
15806,development
15807,test
15808,test
15809,development
15810,development
15811,development
15812,test
15813,development
15814,development
15815,development
15816,development
15817,development
15818,development
15819,development
15820,development
15821,development
15822,development
15823,development
15824,test
15825,development
15826,development
15827,development
15828,test
15829,development
15830,development
15831,development
15832,development
15833,development
15834,development
15835,test
15836,development
15837,test
15838,test
15839,development
15840,development
15841,development
15842,development
15843,test
15844,development
15845,test
15846,development
15847,development
15848,test
15849,development
15850,development
15851,development
15852,development
15853,development
15854,development
15855,development
15856,development
15857,development
15858,development
15859,development
15860,development
15861,development
15862,development
15863,development
15864,development
15865,development
15866,development
15867,development
15868,development
15869,development
15870,development
15871,development
15872,development
15873,test
15874,development
15875,development
15876,development
15877,test
15878,development
15879,test
15880,development
15881,development
15882,development
15883,development
15884,development
15885,development
15886,development
15887,test
15888,test
15889,test
15890,development
15891,development
15892,development
15893,development
15894,development
15895,development
15896,development
15897,development
15898,development
15899,development
15900,development
15901,development
15902,test
15903,development
15904,development
15905,development
15906,development
15907,development
15908,development
15909,development
15910,development
15911,development
15912,test
15913,development
15914,development
15915,development
15916,development
15917,development
15918,development
15919,development
15920,development
15921,development
15922,development
15923,test
15924,test
15925,development
15926,development
15927,development
15928,development
15929,test
15930,development
15931,development
15932,development
15933,development
15934,test
15935,test
15936,development
15937,development
15938,development
15939,test
15940,development
15941,development
15942,development
15943,development
15944,development
15945,development
15946,development
15947,development
15948,development
15949,development
15950,development
15951,development
15952,development
15953,development
15954,development
15955,test
15956,development
15957,development
15958,development
15959,development
15960,development
15961,development
15962,development
15963,test
15964,test
15965,development
15966,development
15967,development
15968,development
15969,test
15970,development
15971,development
15972,development
15973,development
15974,development
15975,development
15976,development
15977,development
15978,development
15979,development
15980,test
15981,development
15982,development
15983,test
15984,development
15985,development
15986,development
15987,development
15988,development
15989,development
15990,development
15991,test
15992,development
15993,test
15994,development
15995,development
15996,development
15997,development
15998,development
15999,development
16000,development
16001,test
16002,development
16003,test
16004,development
16005,development
16006,development
16007,test
16008,test
16009,development
16010,development
16011,development
16012,development
16013,development
16014,development
16015,development
16016,development
16017,test
16018,test
16019,development
16020,test
16021,development
16022,development
16023,development
16024,test
16025,development
16026,development
16027,test
16028,development
16029,test
16030,development
16031,development
16032,development
16033,development
16034,development
16035,test
16036,development
16037,development
16038,test
16039,test
16040,development
16041,development
16042,development
16043,development
16044,test
16045,development
16046,development
16047,test
16048,development
16049,development
16050,development
16051,development
16052,development
16053,development
16054,test
16055,development
16056,test
16057,development
16058,development
16059,test
16060,test
16061,development
16062,test
16063,development
16064,development
16065,test
16066,development
16067,development
16068,development
16069,test
16070,development
16071,development
16072,development
16073,development
16074,development
16075,development
16076,development
16077,development
16078,development
16079,development
16080,development
16081,development
16082,development
16083,development
16084,development
16085,development
16086,test
16087,development
16088,development
16089,test
16090,test
16091,test
16092,development
16093,development
16094,test
16095,test
16096,development
16097,development
16098,development
16099,development
16100,development
16101,development
16102,development
16103,development
16104,development
16105,development
16106,development
16107,development
16108,test
16109,development
16110,development
16111,development
16112,development
16113,test
16114,test
16115,development
16116,test
16117,test
16118,development
16119,development
16120,test
16121,test
16122,test
16123,development
16124,development
16125,development
16126,development
16127,development
16128,test
16129,development
16130,development
16131,development
16132,development
16133,development
16134,development
16135,development
16136,development
16137,test
16138,development
16139,development
16140,development
16141,development
16142,development
16143,development
16144,development
16145,development
16146,test
16147,development
16148,development
16149,development
16150,test
16151,development
16152,development
16153,development
16154,development
16155,test
16156,development
16157,development
16158,development
16159,development
16160,development
16161,development
16162,development
16163,development
16164,test
16165,development
16166,development
16167,development
16168,development
16169,test
16170,test
16171,development
16172,development
16173,test
16174,development
16175,development
16176,development
16177,development
16178,development
16179,development
16180,test
16181,test
16182,development
16183,test
16184,test
16185,development
16186,development
16187,development
16188,development
16189,test
16190,development
16191,test
16192,development
16193,development
16194,development
16195,development
16196,development
16197,test
16198,test
16199,development
16200,development
16201,development
16202,development
16203,development
16204,development
16205,development
16206,development
16207,development
16208,development
16209,development
16210,development
16211,development
16212,development
16213,development
16214,development
16215,development
16216,test
16217,development
16218,development
16219,development
16220,development
16221,development
16222,development
16223,development
16224,development
16225,development
16226,test
16227,development
16228,development
16229,development
16230,test
16231,test
16232,development
16233,development
16234,development
16235,development
16236,development
16237,development
16238,development
16239,development
16240,test
16241,development
16242,development
16243,test
16244,development
16245,development
16246,development
16247,development
16248,development
16249,test
16250,development
16251,development
16252,development
16253,development
16254,development
16255,test
16256,development
16257,development
16258,development
16259,test
16260,development
16261,development
16262,development
16263,development
16264,development
16265,development
16266,development
16267,development
16268,development
16269,test
16270,development
16271,development
16272,test
16273,test
16274,development
16275,development
16276,development
16277,development
16278,development
16279,development
16280,development
16281,development
16282,test
16283,test
16284,development
16285,development
16286,development
16287,development
16288,development
16289,development
16290,development
16291,development
16292,development
16293,development
16294,development
16295,test
16296,test
16297,development
16298,development
16299,development
16300,test
16301,development
16302,test
16303,development
16304,development
16305,development
16306,test
16307,development
16308,development
16309,development
16310,development
16311,development
16312,development
16313,test
16314,development
16315,development
16316,development
16317,development
16318,test
16319,development
16320,test
16321,development
16322,development
16323,test
16324,development
16325,development
16326,development
16327,development
16328,development
16329,development
16330,development
16331,development
16332,test
16333,development
16334,development
16335,development
16336,test
16337,development
16338,development
16339,test
16340,development
16341,development
16342,development
16343,development
16344,development
16345,development
16346,development
16347,development
16348,development
16349,test
16350,test
16351,development
16352,development
16353,test
16354,development
16355,development
16356,development
16357,development
16358,development
16359,development
16360,development
16361,development
16362,development
16363,development
16364,development
16365,development
16366,development
16367,development
16368,development
16369,development
16370,development
16371,development
16372,test
16373,test
16374,development
16375,development
16376,development
16377,development
16378,development
16379,development
16380,development
16381,development
16382,development
16383,development
16384,development
16385,development
16386,development
16387,development
16388,development
16389,development
16390,development
16391,development
16392,development
16393,development
16394,development
16395,development
16396,development
16397,development
16398,development
16399,test
16400,test
16401,development
16402,test
16403,development
16404,development
16405,development
16406,development
16407,development
16408,development
16409,test
16410,development
16411,test
16412,development
16413,development
16414,development
16415,development
16416,development
16417,development
16418,development
16419,development
16420,development
16421,development
16422,development
16423,development
16424,development
16425,development
16426,development
16427,development
16428,test
16429,development
16430,test
16431,development
16432,development
16433,test
16434,development
16435,test
16436,development
16437,development
16438,test
16439,development
16440,development
16441,development
16442,test
16443,development
16444,development
16445,test
16446,development
16447,development
16448,development
16449,development
16450,development
16451,development
16452,development
16453,test
16454,development
16455,test
16456,development
16457,development
16458,development
16459,development
16460,test
16461,development
16462,test
16463,test
16464,development
16465,development
16466,development
16467,test
16468,development
16469,development
16470,development
16471,development
16472,development
16473,development
16474,development
16475,development
16476,development
16477,development
16478,development
16479,development
16480,development
16481,test
16482,development
16483,development
16484,development
16485,development
16486,test
16487,development
16488,test
16489,development
16490,development
16491,test
16492,development
16493,test
16494,development
16495,test
16496,test
16497,development
16498,development
16499,development
16500,test
16501,development
16502,development
16503,test
16504,test
16505,development
16506,development
16507,development
16508,development
16509,development
16510,test
16511,development
16512,test
16513,development
16514,development
16515,development
16516,development
16517,test
16518,development
16519,development
16520,development
16521,development
16522,development
16523,test
16524,development
16525,development
16526,development
16527,test
16528,development
16529,development
16530,development
16531,development
16532,test
16533,development
16534,development
16535,development
16536,development
16537,test
16538,development
16539,development
16540,development
16541,development
16542,development
16543,development
16544,development
16545,development
16546,development
16547,test
16548,development
16549,development
16550,development
16551,development
16552,development
16553,development
16554,test
16555,development
16556,test
16557,development
16558,development
16559,development
16560,development
16561,test
16562,development
16563,development
16564,development
16565,development
16566,development
16567,development
16568,development
16569,development
16570,development
16571,development
16572,development
16573,development
16574,development
16575,development
16576,development
16577,test
16578,development
16579,development
16580,development
16581,development
16582,development
16583,test
16584,development
16585,development
16586,development
16587,development
16588,development
16589,development
16590,development
16591,development
16592,development
16593,development
16594,development
16595,development
16596,development
16597,development
16598,development
16599,development
16600,development
16601,development
16602,test
16603,development
16604,test
16605,development
16606,development
16607,development
16608,test
16609,test
16610,development
16611,test
16612,test
16613,development
16614,development
16615,development
16616,development
16617,development
16618,development
16619,test
16620,development
16621,development
16622,development
16623,test
16624,development
16625,development
16626,development
16627,development
16628,development
16629,development
16630,development
16631,development
16632,development
16633,test
16634,development
16635,development
16636,development
16637,development
16638,test
16639,test
16640,development
16641,development
16642,development
16643,test
16644,development
16645,development
16646,test
16647,test
16648,test
16649,development
16650,test
16651,development
16652,development
16653,test
16654,test
16655,development
16656,test
16657,development
16658,development
16659,test
16660,development
16661,development
16662,development
16663,development
16664,development
16665,development
16666,development
16667,development
16668,development
16669,test
16670,test
16671,development
16672,test
16673,development
16674,development
16675,development
16676,development
16677,development
16678,development
16679,development
16680,development
16681,development
16682,test
16683,test
16684,development
16685,test
16686,development
16687,development
16688,development
16689,development
16690,development
16691,development
16692,development
16693,test
16694,development
16695,development
16696,development
16697,development
16698,test
16699,development
16700,development
16701,development
16702,development
16703,test
16704,development
16705,development
16706,development
16707,development
16708,development
16709,development
16710,test
16711,development
16712,development
16713,development
16714,development
16715,development
16716,development
16717,development
16718,development
16719,development
16720,test
16721,development
16722,development
16723,development
16724,development
16725,development
16726,test
16727,development
16728,development
16729,test
16730,development
16731,development
16732,development
16733,test
16734,development
16735,test
16736,development
16737,development
16738,development
16739,development
16740,development
16741,development
16742,development
16743,development
16744,test
16745,development
16746,development
16747,development
16748,test
16749,development
16750,test
16751,development
16752,development
16753,development
16754,test
16755,development
16756,development
16757,development
16758,development
16759,development
16760,development
16761,development
16762,development
16763,development
16764,test
16765,development
16766,development
16767,test
16768,test
16769,development
16770,development
16771,development
16772,development
16773,development
16774,development
16775,development
16776,development
16777,development
16778,development
16779,development
16780,development
16781,development
16782,development
16783,development
16784,development
16785,development
16786,development
16787,development
16788,development
16789,test
16790,test
16791,development
16792,test
16793,development
16794,development
16795,development
16796,development
16797,development
16798,development
16799,development
16800,test
16801,development
16802,test
16803,development
16804,development
16805,development
16806,test
16807,development
16808,test
16809,development
16810,development
16811,development
16812,development
16813,development
16814,development
16815,development
16816,test
16817,test
16818,development
16819,development
16820,development
16821,test
16822,development
16823,development
16824,test
16825,development
16826,development
16827,test
16828,development
16829,test
16830,development
16831,development
16832,development
16833,development
16834,development
16835,development
16836,test
16837,development
16838,development
16839,development
16840,test
16841,development
16842,test
16843,test
16844,test
16845,development
16846,development
16847,development
16848,development
16849,development
16850,test
16851,test
16852,development
16853,test
16854,development
16855,development
16856,test
16857,development
16858,test
16859,test
16860,test
16861,development
16862,development
16863,development
16864,test
16865,development
16866,test
16867,development
16868,test
16869,development
16870,development
16871,development
16872,development
16873,development
16874,development
16875,development
16876,development
16877,development
16878,development
16879,development
16880,test
16881,development
16882,development
16883,development
16884,development
16885,development
16886,development
16887,test
16888,test
16889,test
16890,development
16891,development
16892,development
16893,development
16894,development
16895,development
16896,development
16897,development
16898,test
16899,development
16900,development
16901,development
16902,test
16903,development
16904,development
16905,development
16906,development
16907,development
16908,development
16909,development
16910,development
16911,development
16912,development
16913,test
16914,development
16915,development
16916,development
16917,test
16918,test
16919,development
16920,development
16921,development
16922,development
16923,development
16924,development
16925,development
16926,development
16927,development
16928,development
16929,development
16930,development
16931,development
16932,development
16933,development
16934,development
16935,development
16936,development
16937,development
16938,development
16939,test
16940,test
16941,development
16942,development
16943,development
16944,development
16945,development
16946,test
16947,development
16948,development
16949,development
16950,development
16951,development
16952,development
16953,development
16954,development
16955,development
16956,development
16957,development
16958,development
16959,development
16960,test
16961,development
16962,test
16963,test
16964,development
16965,development
16966,development
16967,development
16968,development
16969,test
16970,development
16971,development
16972,development
16973,development
16974,development
16975,development
16976,test
16977,test
16978,development
16979,development
16980,development
16981,development
16982,development
16983,test
16984,test
16985,development
16986,development
16987,development
16988,development
16989,test
16990,test
16991,development
16992,development
16993,development
16994,development
16995,development
16996,test
16997,test
16998,development
16999,development
17000,development
17001,development
17002,development
17003,development
17004,development
17005,test
17006,development
17007,development
17008,development
17009,test
17010,development
17011,development
17012,test
17013,development
17014,test
17015,test
17016,test
17017,development
17018,development
17019,development
17020,development
17021,development
17022,development
17023,development
17024,test
17025,development
17026,development
17027,development
17028,development
17029,development
17030,development
17031,development
17032,development
17033,test
17034,development
17035,test
17036,development
17037,development
17038,development
17039,development
17040,development
17041,development
17042,development
17043,test
17044,test
17045,development
17046,development
17047,development
17048,test
17049,development
17050,development
17051,development
17052,development
17053,development
17054,test
17055,test
17056,development
17057,test
17058,test
17059,test
17060,test
17061,development
17062,test
17063,test
17064,development
17065,development
17066,development
17067,test
17068,test
17069,development
17070,test
17071,development
17072,development
17073,development
17074,development
17075,development
17076,development
17077,development
17078,development
17079,development
17080,development
17081,test
17082,development
17083,development
17084,development
17085,development
17086,development
17087,test
17088,development
17089,development
17090,development
17091,development
17092,test
17093,development
17094,test
17095,development
17096,development
17097,development
17098,test
17099,test
17100,development
17101,test
17102,development
17103,development
17104,test
17105,development
17106,development
17107,test
17108,development
17109,test
17110,development
17111,development
17112,development
17113,development
17114,test
17115,development
17116,development
17117,development
17118,development
17119,development
17120,development
17121,development
17122,development
17123,development
17124,development
17125,development
17126,development
17127,development
17128,test
17129,development
17130,development
17131,development
17132,development
17133,test
17134,test
17135,development
17136,development
17137,development
17138,test
17139,development
17140,development
17141,development
17142,development
17143,development
17144,test
17145,development
17146,test
17147,development
17148,development
17149,development
17150,development
17151,development
17152,development
17153,development
17154,development
17155,development
17156,test
17157,development
17158,development
17159,development
17160,development
17161,development
17162,development
17163,development
17164,test
17165,test
17166,development
17167,development
17168,development
17169,test
17170,development
17171,development
17172,development
17173,test
17174,development
17175,development
17176,development
17177,development
17178,development
17179,development
17180,development
17181,development
17182,development
17183,development
17184,development
17185,development
17186,test
17187,development
17188,development
17189,development
17190,development
17191,development
17192,test
17193,development
17194,development
17195,test
17196,development
17197,development
17198,development
17199,development
17200,development
17201,development
17202,development
17203,test
17204,development
17205,test
17206,development
17207,development
17208,development
17209,development
17210,development
17211,development
17212,development
17213,development
17214,development
17215,development
17216,development
17217,test
17218,development
17219,development
17220,development
17221,development
17222,development
17223,development
17224,development
17225,development
17226,development
17227,test
17228,development
17229,development
17230,development
17231,test
17232,development
17233,development
17234,development
17235,development
17236,development
17237,test
17238,development
17239,development
17240,test
17241,development
17242,test
17243,development
17244,test
17245,development
17246,test
17247,development
17248,development
17249,development
17250,test
17251,development
17252,development
17253,development
17254,development
17255,development
17256,development
17257,development
17258,development
17259,test
17260,development
17261,test
17262,development
17263,development
17264,development
17265,test
17266,development
17267,development
17268,development
17269,development
17270,development
17271,test
17272,development
17273,development
17274,development
17275,development
17276,development
17277,development
17278,development
17279,development
17280,test
17281,development
17282,development
17283,development
17284,development
17285,development
17286,development
17287,development
17288,development
17289,development
17290,development
17291,development
17292,development
17293,development
17294,development
17295,development
17296,development
17297,test
17298,development
17299,development
17300,test
17301,development
17302,development
17303,development
17304,development
17305,development
17306,development
17307,development
17308,test
17309,test
17310,development
17311,development
17312,test
17313,test
17314,development
17315,development
17316,development
17317,development
17318,development
17319,development
17320,test
17321,development
17322,development
17323,development
17324,test
17325,development
17326,development
17327,test
17328,development
17329,development
17330,development
17331,development
17332,development
17333,development
17334,development
17335,development
17336,test
17337,development
17338,test
17339,development
17340,development
17341,development
17342,test
17343,development
17344,development
17345,development
17346,development
17347,development
17348,test
17349,development
17350,development
17351,development
17352,development
17353,development
17354,development
17355,development
17356,development
17357,development
17358,test
17359,development
17360,development
17361,test
17362,development
17363,development
17364,development
17365,development
17366,development
17367,test
17368,development
17369,development
17370,development
17371,development
17372,development
17373,development
17374,development
17375,development
17376,development
17377,test
17378,development
17379,test
17380,development
17381,development
17382,test
17383,test
17384,development
17385,development
17386,development
17387,development
17388,development
17389,development
17390,development
17391,development
17392,development
17393,development
17394,test
17395,development
17396,development
17397,development
17398,test
17399,development
17400,development
17401,development
17402,test
17403,development
17404,development
17405,development
17406,development
17407,development
17408,development
17409,development
17410,development
17411,development
17412,development
17413,development
17414,development
17415,development
17416,development
17417,development
17418,development
17419,development
17420,development
17421,development
17422,development
17423,development
17424,development
17425,development
17426,development
17427,development
17428,development
17429,test
17430,development
17431,development
17432,development
17433,test
17434,development
17435,development
17436,development
17437,development
17438,development
17439,development
17440,test
17441,development
17442,development
17443,development
17444,development
17445,test
17446,test
17447,development
17448,development
17449,test
17450,development
17451,development
17452,test
17453,development
17454,development
17455,development
17456,development
17457,development
17458,development
17459,development
17460,development
17461,development
17462,development
17463,development
17464,development
17465,development
17466,development
17467,development
17468,test
17469,development
17470,development
17471,test
17472,development
17473,development
17474,development
17475,development
17476,test
17477,development
17478,development
17479,development
17480,development
17481,development
17482,development
17483,development
17484,test
17485,development
17486,development
17487,development
17488,development
17489,development
17490,development
17491,development
17492,development
17493,test
17494,test
17495,test
17496,development
17497,development
17498,development
17499,development
17500,development
17501,development
17502,test
17503,test
17504,development
17505,test
17506,test
17507,development
17508,development
17509,development
17510,test
17511,development
17512,test
17513,test
17514,development
17515,development
17516,development
17517,development
17518,development
17519,development
17520,development
17521,test
17522,test
17523,development
17524,test
17525,development
17526,development
17527,test
17528,test
17529,development
17530,development
17531,test
17532,development
17533,development
17534,test
17535,test
17536,test
17537,development
17538,development
17539,development
17540,development
17541,development
17542,development
17543,test
17544,development
17545,development
17546,development
17547,development
17548,development
17549,test
17550,development
17551,development
17552,test
17553,test
17554,development
17555,development
17556,test
17557,development
17558,test
17559,development
17560,development
17561,test
17562,development
17563,development
17564,test
17565,development
17566,test
17567,development
17568,development
17569,test
17570,test
17571,development
17572,development
17573,test
17574,development
17575,development
17576,development
17577,development
17578,development
17579,development
17580,development
17581,development
17582,development
17583,development
17584,development
17585,test
17586,development
17587,test
17588,development
17589,development
17590,development
17591,test
17592,development
17593,development
17594,test
17595,development
17596,development
17597,development
17598,development
17599,development
17600,test
17601,development
17602,development
17603,development
17604,development
17605,test
17606,development
17607,development
17608,test
17609,development
17610,development
17611,development
17612,development
17613,test
17614,development
17615,development
17616,development
17617,development
17618,test
17619,development
17620,development
17621,test
17622,development
17623,development
17624,development
17625,development
17626,development
17627,development
17628,development
17629,development
17630,development
17631,development
17632,development
17633,development
17634,development
17635,development
17636,development
17637,test
17638,development
17639,development
17640,development
17641,development
17642,development
17643,development
17644,development
17645,test
17646,development
17647,development
17648,development
17649,development
17650,development
17651,development
17652,development
17653,development
17654,development
17655,development
17656,development
17657,development
17658,development
17659,development
17660,development
17661,development
17662,test
17663,development
17664,test
17665,development
17666,development
17667,development
17668,test
17669,development
17670,development
17671,development
17672,development
17673,development
17674,development
17675,development
17676,development
17677,development
17678,development
17679,development
17680,test
17681,development
17682,development
17683,development
17684,development
17685,development
17686,development
17687,test
17688,test
17689,development
17690,development
17691,test
17692,development
17693,test
17694,development
17695,test
17696,development
17697,development
17698,development
17699,development
17700,development
17701,development
17702,development
17703,development
17704,development
17705,development
17706,development
17707,development
17708,development
17709,development
17710,development
17711,development
17712,development
17713,test
17714,development
17715,development
17716,test
17717,development
17718,development
17719,development
17720,development
17721,development
17722,development
17723,development
17724,test
17725,development
17726,development
17727,development
17728,development
17729,development
17730,development
17731,development
17732,development
17733,test
17734,development
17735,development
17736,development
17737,development
17738,development
17739,development
17740,development
17741,development
17742,development
17743,development
17744,test
17745,development
17746,development
17747,development
17748,development
17749,test
17750,development
17751,test
17752,development
17753,test
17754,development
17755,development
17756,test
17757,development
17758,development
17759,development
17760,development
17761,development
17762,development
17763,development
17764,development
17765,development
17766,development
17767,test
17768,development
17769,development
17770,development
17771,test
17772,development
17773,development
17774,test
17775,development
17776,development
17777,test
17778,development
17779,development
17780,development
17781,development
17782,test
17783,development
17784,test
17785,development
17786,development
17787,development
17788,test
17789,development
17790,development
17791,development
17792,test
17793,development
17794,development
17795,test
17796,development
17797,development
17798,development
17799,test
17800,development
17801,development
17802,development
17803,development
17804,development
17805,development
17806,development
17807,development
17808,development
17809,development
17810,development
17811,development
17812,development
17813,development
17814,development
17815,development
17816,development
17817,test
17818,development
17819,development
17820,development
17821,development
17822,test
17823,development
17824,development
17825,development
17826,development
17827,development
17828,development
17829,development
17830,development
17831,development
17832,test
17833,development
17834,development
17835,development
17836,development
17837,test
17838,development
17839,development
17840,development
17841,development
17842,development
17843,development
17844,development
17845,test
17846,development
17847,development
17848,development
17849,development
17850,development
17851,development
17852,development
17853,development
17854,test
17855,development
17856,development
17857,development
17858,development
17859,development
17860,development
17861,development
17862,development
17863,test
17864,development
17865,development
17866,development
17867,development
17868,development
17869,development
17870,development
17871,development
17872,test
17873,test
17874,development
17875,development
17876,development
17877,development
17878,development
17879,test
17880,development
17881,development
17882,test
17883,development
17884,development
17885,test
17886,test
17887,test
17888,development
17889,development
17890,development
17891,test
17892,development
17893,development
17894,development
17895,development
17896,development
17897,development
17898,development
17899,development
17900,test
17901,test
17902,test
17903,development
17904,development
17905,development
17906,development
17907,development
17908,test
17909,test
17910,development
17911,development
17912,development
17913,test
17914,test
17915,development
17916,test
17917,development
17918,development
17919,development
17920,development
17921,development
17922,development
17923,development
17924,test
17925,development
17926,development
17927,development
17928,test
17929,development
17930,development
17931,development
17932,development
17933,development
17934,development
17935,development
17936,development
17937,test
17938,development
17939,development
17940,test
17941,test
17942,development
17943,development
17944,development
17945,test
17946,development
17947,development
17948,test
17949,test
17950,development
17951,development
17952,test
17953,test
17954,test
17955,test
17956,development
17957,development
17958,development
17959,development
17960,development
17961,development
17962,development
17963,development
17964,development
17965,development
17966,development
17967,test
17968,test
17969,development
17970,development
17971,development
17972,development
17973,development
17974,development
17975,development
17976,development
17977,development
17978,development
17979,development
17980,development
17981,development
17982,test
17983,development
17984,test
17985,development
17986,test
17987,development
17988,development
17989,development
17990,test
17991,test
17992,development
17993,test
17994,development
17995,development
17996,development
17997,test
17998,development
17999,development
18000,development
18001,development
18002,development
18003,development
18004,test
18005,development
18006,development
18007,development
18008,development
18009,test
18010,development
18011,test
18012,development
18013,test
18014,development
18015,development
18016,development
18017,development
18018,test
18019,development
18020,development
18021,development
18022,development
18023,test
18024,development
18025,development
18026,test
18027,development
18028,test
18029,development
18030,test
18031,development
18032,test
18033,test
18034,development
18035,development
18036,development
18037,test
18038,development
18039,development
18040,development
18041,development
18042,development
18043,test
18044,development
18045,development
18046,test
18047,test
18048,development
18049,test
18050,development
18051,development
18052,test
18053,test
18054,development
18055,test
18056,test
18057,development
18058,development
18059,development
18060,development
18061,test
18062,development
18063,development
18064,test
18065,development
18066,test
18067,development
18068,test
18069,development
18070,development
18071,development
18072,development
18073,test
18074,development
18075,development
18076,development
18077,development
18078,development
18079,development
18080,development
18081,test
18082,development
18083,development
18084,development
18085,development
18086,development
18087,development
18088,development
18089,development
18090,development
18091,development
18092,development
18093,development
18094,development
18095,test
18096,development
18097,development
18098,development
18099,test
18100,development
18101,development
18102,development
18103,development
18104,development
18105,test
18106,development
18107,test
18108,development
18109,development
18110,test
18111,test
18112,development
18113,development
18114,development
18115,development
18116,development
18117,development
18118,development
18119,development
18120,development
18121,development
18122,test
18123,development
18124,development
18125,development
18126,development
18127,development
18128,development
18129,development
18130,test
18131,development
18132,test
18133,development
18134,development
18135,development
18136,test
18137,test
18138,development
18139,development
18140,development
18141,development
18142,test
18143,development
18144,test
18145,development
18146,test
18147,development
18148,test
18149,development
18150,test
18151,test
18152,development
18153,development
18154,test
18155,development
18156,development
18157,development
18158,development
18159,test
18160,development
18161,development
18162,development
18163,development
18164,development
18165,development
18166,development
18167,development
18168,development
18169,development
18170,development
18171,test
18172,development
18173,development
18174,development
18175,development
18176,development
18177,test
18178,development
18179,test
18180,development
18181,development
18182,test
18183,test
18184,development
18185,development
18186,development
18187,development
18188,development
18189,development
18190,development
18191,development
18192,development
18193,test
18194,development
18195,development
18196,development
18197,development
18198,development
18199,development
18200,development
18201,development
18202,development
18203,development
18204,development
18205,test
18206,development
18207,development
18208,development
18209,development
18210,development
18211,development
18212,development
18213,development
18214,development
18215,development
18216,test
18217,development
18218,development
18219,development
18220,development
18221,development
18222,development
18223,development
18224,development
18225,development
18226,development
18227,development
18228,development
18229,development
18230,development
18231,development
18232,test
18233,test
18234,development
18235,development
18236,development
18237,test
18238,development
18239,development
18240,development
18241,test
18242,development
18243,development
18244,development
18245,development
18246,development
18247,test
18248,development
18249,test
18250,test
18251,development
18252,development
18253,development
18254,development
18255,development
18256,test
18257,development
18258,development
18259,development
18260,development
18261,test
18262,development
18263,development
18264,development
18265,development
18266,development
18267,development
18268,development
18269,development
18270,development
18271,development
18272,development
18273,test
18274,test
18275,development
18276,development
18277,test
18278,development
18279,development
18280,development
18281,development
18282,development
18283,test
18284,development
18285,development
18286,test
18287,development
18288,development
18289,development
18290,development
18291,development
18292,test
18293,development
18294,development
18295,development
18296,development
18297,development
18298,development
18299,development
18300,test
18301,development
18302,development
18303,test
18304,test
18305,development
18306,test
18307,development
18308,test
18309,development
18310,development
18311,development
18312,development
18313,development
18314,development
18315,test
18316,test
18317,development
18318,development
18319,development
18320,development
18321,development
18322,development
18323,development
18324,development
18325,development
18326,test
18327,development
18328,test
18329,development
18330,development
18331,development
18332,development
18333,development
18334,development
18335,development
18336,development
18337,test
18338,test
18339,development
18340,test
18341,development
18342,development
18343,test
18344,development
18345,development
18346,test
18347,development
18348,development
18349,development
18350,development
18351,development
18352,test
18353,development
18354,development
18355,development
18356,development
18357,test
18358,development
18359,development
18360,test
18361,development
18362,development
18363,development
18364,development
18365,development
18366,development
18367,development
18368,development
18369,development
18370,test
18371,development
18372,development
18373,development
18374,development
18375,development
18376,development
18377,development
18378,development
18379,development
18380,development
18381,test
18382,development
18383,development
18384,development
18385,development
18386,development
18387,test
18388,development
18389,development
18390,development
18391,development
18392,development
18393,development
18394,test
18395,development
18396,development
18397,test
18398,development
18399,development
18400,development
18401,development
18402,development
18403,development
18404,development
18405,development
18406,development
18407,development
18408,development
18409,test
18410,test
18411,development
18412,development
18413,development
18414,development
18415,development
18416,test
18417,development
18418,development
18419,test
18420,development
18421,development
18422,development
18423,development
18424,development
18425,development
18426,development
18427,development
18428,development
18429,development
18430,development
18431,development
18432,test
18433,development
18434,development
18435,development
18436,development
18437,development
18438,test
18439,development
18440,development
18441,development
18442,test
18443,test
18444,test
18445,development
18446,development
18447,development
18448,development
18449,test
18450,development
18451,test
18452,development
18453,test
18454,test
18455,development
18456,development
18457,test
18458,development
18459,development
18460,development
18461,development
18462,development
18463,development
18464,development
18465,test
18466,test
18467,development
18468,development
18469,test
18470,development
18471,development
18472,development
18473,development
18474,development
18475,test
18476,development
18477,development
18478,development
18479,development
18480,development
18481,test
18482,development
18483,development
18484,development
18485,development
18486,development
18487,development
18488,test
18489,development
18490,test
18491,development
18492,development
18493,development
18494,development
18495,development
18496,development
18497,development
18498,test
18499,development
18500,test
18501,development
18502,test
18503,test
18504,development
18505,development
18506,development
18507,development
18508,development
18509,development
18510,development
18511,development
18512,development
18513,development
18514,development
18515,development
18516,development
18517,test
18518,test
18519,development
18520,development
18521,test
18522,development
18523,test
18524,development
18525,development
18526,development
18527,development
18528,development
18529,test
18530,development
18531,development
18532,development
18533,development
18534,development
18535,development
18536,development
18537,development
18538,test
18539,development
18540,development
18541,development
18542,development
18543,development
18544,development
18545,development
18546,development
18547,development
18548,development
18549,development
18550,development
18551,development
18552,test
18553,development
18554,test
18555,test
18556,development
18557,development
18558,development
18559,test
18560,development
18561,development
18562,development
18563,development
18564,development
18565,test
18566,test
18567,development
18568,development
18569,development
18570,development
18571,development
18572,development
18573,development
18574,development
18575,development
18576,development
18577,development
18578,test
18579,test
18580,test
18581,development
18582,development
18583,development
18584,test
18585,development
18586,development
18587,development
18588,development
18589,development
18590,development
18591,development
18592,development
18593,development
18594,development
18595,development
18596,development
18597,development
18598,development
18599,development
18600,test
18601,test
18602,development
18603,development
18604,development
18605,development
18606,development
18607,development
18608,test
18609,development
18610,development
18611,development
18612,development
18613,test
18614,development
18615,development
18616,development
18617,development
18618,development
18619,development
18620,development
18621,test
18622,development
18623,development
18624,development
18625,development
18626,development
18627,development
18628,development
18629,development
18630,development
18631,development
18632,development
18633,development
18634,development
18635,test
18636,development
18637,development
18638,test
18639,test
18640,development
18641,development
18642,development
18643,development
18644,development
18645,development
18646,test
18647,development
18648,test
18649,development
18650,development
18651,development
18652,development
18653,development
18654,development
18655,test
18656,development
18657,development
18658,test
18659,development
18660,development
18661,development
18662,development
18663,test
18664,development
18665,development
18666,test
18667,development
18668,development
18669,development
18670,development
18671,development
18672,development
18673,development
18674,development
18675,development
18676,development
18677,development
18678,test
18679,development
18680,development
18681,development
18682,development
18683,development
18684,development
18685,development
18686,development
18687,test
18688,test
18689,test
18690,development
18691,development
18692,development
18693,development
18694,test
18695,development
18696,test
18697,test
18698,development
18699,development
18700,development
18701,development
18702,development
18703,development
18704,test
18705,development
18706,development
18707,test
18708,development
18709,development
18710,development
18711,test
18712,development
18713,development
18714,development
18715,test
18716,development
18717,development
18718,development
18719,development
18720,development
18721,development
18722,development
18723,development
18724,development
18725,development
18726,development
18727,test
18728,test
18729,development
18730,development
18731,test
18732,test
18733,development
18734,development
18735,development
18736,development
18737,development
18738,development
18739,test
18740,development
18741,development
18742,development
18743,test
18744,development
18745,development
18746,development
18747,development
18748,development
18749,development
18750,development
18751,development
18752,test
18753,development
18754,development
18755,development
18756,test
18757,development
18758,development
18759,development
18760,development
18761,development
18762,development
18763,development
18764,development
18765,development
18766,development
18767,development
18768,test
18769,development
18770,test
18771,development
18772,development
18773,development
18774,development
18775,development
18776,test
18777,test
18778,test
18779,development
18780,development
18781,test
18782,development
18783,test
18784,development
18785,development
18786,development
18787,development
18788,development
18789,development
18790,test
18791,development
18792,development
18793,test
18794,development
18795,development
18796,development
18797,test
18798,development
18799,development
18800,development
18801,test
18802,test
18803,development
18804,test
18805,development
18806,development
18807,development
18808,test
18809,development
18810,development
18811,development
18812,test
18813,development
18814,development
18815,test
18816,test
18817,development
18818,development
18819,development
18820,test
18821,development
18822,development
18823,test
18824,development
18825,development
18826,development
18827,development
18828,development
18829,test
18830,test
18831,development
18832,development
18833,development
18834,test
18835,development
18836,development
18837,development
18838,development
18839,development
18840,test
18841,development
18842,development
18843,development
18844,development
18845,development
18846,test
18847,development
18848,development
18849,development
18850,development
18851,development
18852,development
18853,development
18854,test
18855,test
18856,test
18857,development
18858,test
18859,development
18860,test
18861,development
18862,development
18863,development
18864,test
18865,development
18866,development
18867,development
18868,development
18869,development
18870,development
18871,development
18872,test
18873,development
18874,development
18875,development
18876,development
18877,development
18878,development
18879,development
18880,development
18881,test
18882,development
18883,development
18884,development
18885,test
18886,development
18887,development
18888,development
18889,development
18890,development
18891,development
18892,development
18893,development
18894,development
18895,development
18896,test
18897,test
18898,development
18899,development
18900,test
18901,development
18902,development
18903,development
18904,development
18905,development
18906,development
18907,development
18908,development
18909,development
18910,development
18911,test
18912,development
18913,development
18914,development
18915,development
18916,development
18917,test
18918,development
18919,test
18920,development
18921,development
18922,development
18923,development
18924,development
18925,test
18926,development
18927,development
18928,development
18929,development
18930,development
18931,test
18932,development
18933,test
18934,development
18935,development
18936,test
18937,development
18938,development
18939,development
18940,development
18941,development
18942,development
18943,development
18944,development
18945,development
18946,development
18947,development
18948,development
18949,development
18950,test
18951,development
18952,development
18953,development
18954,development
18955,development
18956,test
18957,test
18958,development
18959,development
18960,development
18961,development
18962,development
18963,test
18964,development
18965,development
18966,development
18967,test
18968,development
18969,development
18970,development
18971,test
18972,development
18973,development
18974,test
18975,development
18976,development
18977,development
18978,development
18979,development
18980,development
18981,development
18982,development
18983,development
18984,test
18985,development
18986,development
18987,development
18988,development
18989,development
18990,development
18991,development
18992,development
18993,development
18994,development
18995,development
18996,development
18997,development
18998,development
18999,development
19000,development
19001,development
19002,development
19003,test
19004,development
19005,test
19006,development
19007,development
19008,development
19009,development
19010,test
19011,development
19012,development
19013,development
19014,development
19015,test
19016,development
19017,development
19018,test
19019,test
19020,development
19021,development
19022,development
19023,test
19024,test
19025,development
19026,development
19027,development
19028,development
19029,development
19030,development
19031,test
19032,test
19033,development
19034,development
19035,test
19036,test
19037,test
19038,development
19039,test
19040,development
19041,test
19042,development
19043,development
19044,test
19045,development
19046,development
19047,development
19048,development
19049,development
19050,test
19051,development
19052,development
19053,development
19054,test
19055,development
19056,development
19057,development
19058,development
19059,development
19060,development
19061,development
19062,development
19063,development
19064,development
19065,development
19066,development
19067,test
19068,development
19069,development
19070,development
19071,development
19072,test
19073,development
19074,development
19075,development
19076,development
19077,development
19078,development
19079,test
19080,development
19081,development
19082,test
19083,development
19084,test
19085,test
19086,development
19087,development
19088,development
19089,test
19090,development
19091,test
19092,development
19093,development
19094,development
19095,test
19096,development
19097,development
19098,development
19099,test
19100,development
19101,test
19102,development
19103,development
19104,development
19105,development
19106,development
19107,development
19108,test
19109,development
19110,development
19111,development
19112,development
19113,development
19114,development
19115,development
19116,test
19117,development
19118,development
19119,development
19120,development
19121,development
19122,development
19123,development
19124,development
19125,development
19126,development
19127,development
19128,development
19129,development
19130,development
19131,test
19132,test
19133,development
19134,development
19135,development
19136,development
19137,development
19138,test
19139,test
19140,development
19141,development
19142,development
19143,development
19144,development
19145,development
19146,development
19147,development
19148,test
19149,development
19150,development
19151,development
19152,development
19153,development
19154,development
19155,development
19156,development
19157,development
19158,development
19159,development
19160,test
19161,development
19162,development
19163,development
19164,test
19165,test
19166,test
19167,development
19168,development
19169,development
19170,development
19171,development
19172,development
19173,development
19174,development
19175,test
19176,development
19177,development
19178,test
19179,development
19180,development
19181,development
19182,development
19183,test
19184,test
19185,development
19186,development
19187,development
19188,development
19189,development
19190,test
19191,development
19192,development
19193,development
19194,development
19195,development
19196,test
19197,test
19198,development
19199,development
19200,development
19201,test
19202,development
19203,development
19204,development
19205,development
19206,development
19207,test
19208,development
19209,development
19210,development
19211,development
19212,development
19213,development
19214,development
19215,test
19216,test
19217,test
19218,development
19219,development
19220,development
19221,test
19222,test
19223,development
19224,development
19225,development
19226,development
19227,test
19228,development
19229,development
19230,development
19231,development
19232,development
19233,test
19234,development
19235,development
19236,development
19237,test
19238,development
19239,development
19240,development
19241,development
19242,test
19243,development
19244,development
19245,development
19246,development
19247,development
19248,test
19249,test
19250,development
19251,development
19252,development
19253,development
19254,development
19255,development
19256,test
19257,development
19258,development
19259,development
19260,development
19261,development
19262,development
19263,test
19264,development
19265,test
19266,development
19267,development
19268,test
19269,development
19270,development
19271,development
19272,test
19273,development
19274,development
19275,development
19276,development
19277,development
19278,development
19279,development
19280,development
19281,development
19282,development
19283,development
19284,development
19285,test
19286,development
19287,development
19288,development
19289,development
19290,development
19291,development
19292,development
19293,development
19294,development
19295,development
19296,test
19297,development
19298,development
19299,development
19300,development
19301,development
19302,development
19303,test
19304,development
19305,development
19306,development
19307,test
19308,development
19309,test
19310,development
19311,development
19312,development
19313,development
19314,development
19315,development
19316,development
19317,development
19318,development
19319,development
19320,test
19321,development
19322,development
19323,development
19324,development
19325,development
19326,test
19327,development
19328,development
19329,development
19330,development
19331,development
19332,development
19333,development
19334,development
19335,development
19336,test
19337,development
19338,test
19339,development
19340,development
19341,test
19342,development
19343,development
19344,development
19345,development
19346,test
19347,development
19348,development
19349,test
19350,development
19351,development
19352,development
19353,development
19354,development
19355,test
19356,development
19357,development
19358,development
19359,development
19360,development
19361,development
19362,development
19363,development
19364,development
19365,development
19366,development
19367,test
19368,development
19369,development
19370,development
19371,development
19372,development
19373,development
19374,test
19375,development
19376,development
19377,development
19378,development
19379,development
19380,development
19381,development
19382,development
19383,development
19384,test
19385,development
19386,test
19387,development
19388,test
19389,development
19390,development
19391,development
19392,development
19393,development
19394,development
19395,development
19396,development
19397,development
19398,test
19399,test
19400,test
19401,development
19402,development
19403,development
19404,development
19405,development
19406,development
19407,development
19408,development
19409,development
19410,development
19411,test
19412,development
19413,development
19414,development
19415,development
19416,development
19417,development
19418,development
19419,test
19420,development
19421,development
19422,development
19423,development
19424,development
19425,development
19426,development
19427,development
19428,development
19429,development
19430,development
19431,development
19432,development
19433,development
19434,development
19435,development
19436,development
19437,development
19438,test
19439,development
19440,test
19441,development
19442,development
19443,development
19444,development
19445,development
19446,test
19447,development
19448,test
19449,test
19450,test
19451,development
19452,development
19453,development
19454,test
19455,development
19456,development
19457,development
19458,development
19459,test
19460,development
19461,development
19462,development
19463,development
19464,development
19465,development
19466,development
19467,development
19468,test
19469,development
19470,development
19471,development
19472,development
19473,development
19474,test
19475,test
19476,test
19477,development
19478,development
19479,test
19480,development
19481,development
19482,development
19483,development
19484,development
19485,development
19486,development
19487,development
19488,test
19489,development
19490,test
19491,test
19492,development
19493,development
19494,development
19495,development
19496,development
19497,development
19498,development
19499,development
19500,development
19501,development
19502,development
19503,development
19504,development
19505,development
19506,development
19507,development
19508,development
19509,test
19510,development
19511,development
19512,development
19513,test
19514,development
19515,development
19516,development
19517,development
19518,development
19519,development
19520,development
19521,development
19522,development
19523,development
19524,development
19525,development
19526,development
19527,development
19528,development
19529,development
19530,development
19531,development
19532,test
19533,development
19534,test
19535,development
19536,development
19537,development
19538,development
19539,development
19540,development
19541,development
19542,test
19543,development
19544,development
19545,test
19546,development
19547,development
19548,development
19549,development
19550,development
19551,development
19552,development
19553,development
19554,development
19555,development
19556,development
19557,development
19558,development
19559,development
19560,development
19561,development
19562,development
19563,test
19564,development
19565,development
19566,development
19567,development
19568,development
19569,test
19570,development
19571,test
19572,development
19573,development
19574,development
19575,development
19576,test
19577,test
19578,development
19579,development
19580,test
19581,development
19582,development
19583,development
19584,test
19585,development
19586,test
19587,development
19588,development
19589,test
19590,development
19591,development
19592,development
19593,development
19594,development
19595,development
19596,development
19597,development
19598,development
19599,development
19600,development
19601,development
19602,development
19603,development
19604,development
19605,development
19606,development
19607,development
19608,development
19609,test
19610,development
19611,test
19612,development
19613,development
19614,development
19615,test
19616,development
19617,development
19618,development
19619,test
19620,development
19621,development
19622,development
19623,test
19624,development
19625,development
19626,development
19627,development
19628,development
19629,development
19630,test
19631,development
19632,test
19633,development
19634,development
19635,development
19636,development
19637,development
19638,development
19639,development
19640,development
19641,test
19642,test
19643,test
19644,development
19645,test
19646,test
19647,test
19648,development
19649,development
19650,development
19651,development
19652,development
19653,test
19654,development
19655,development
19656,test
19657,development
19658,development
19659,development
19660,development
19661,development
19662,development
19663,development
19664,test
19665,test
19666,development
19667,development
19668,test
19669,development
19670,development
19671,development
19672,development
19673,development
19674,test
19675,development
19676,development
19677,test
19678,development
19679,development
19680,test
19681,test
19682,development
19683,development
19684,development
19685,development
19686,development
19687,development
19688,development
19689,development
19690,development
19691,development
19692,development
19693,development
19694,development
19695,development
19696,test
19697,development
19698,development
19699,development
19700,test
19701,development
19702,development
19703,development
19704,development
19705,development
19706,development
19707,development
19708,test
19709,development
19710,development
19711,development
19712,development
19713,test
19714,development
19715,development
19716,test
19717,development
19718,test
19719,development
19720,development
19721,test
19722,test
19723,development
19724,development
19725,development
19726,development
19727,development
19728,development
19729,development
19730,development
19731,development
19732,development
19733,test
19734,test
19735,development
19736,development
19737,test
19738,development
19739,development
19740,development
19741,test
19742,development
19743,development
19744,development
19745,development
19746,development
19747,test
19748,development
19749,development
19750,test
19751,test
19752,test
19753,development
19754,development
19755,development
19756,development
19757,development
19758,development
19759,test
19760,development
19761,development
19762,development
19763,development
19764,development
19765,test
19766,development
19767,development
19768,development
19769,development
19770,development
19771,development
19772,development
19773,development
19774,test
19775,test
19776,test
19777,development
19778,test
19779,development
19780,development
19781,development
19782,development
19783,development
19784,development
19785,test
19786,test
19787,test
19788,test
19789,development
19790,development
19791,test
19792,development
19793,development
19794,development
19795,test
19796,development
19797,development
19798,development
19799,development
19800,development
19801,development
19802,development
19803,development
19804,development
19805,test
19806,test
19807,development
19808,test
19809,development
19810,development
19811,development
19812,development
19813,development
19814,development
19815,development
19816,development
19817,development
19818,development
19819,development
19820,development
19821,development
19822,development
19823,development
19824,development
19825,development
19826,development
19827,development
19828,development
19829,development
19830,test
19831,development
19832,development
19833,development
19834,development
19835,development
19836,test
19837,development
19838,development
19839,test
19840,development
19841,development
19842,development
19843,development
19844,development
19845,development
19846,development
19847,test
19848,development
19849,development
19850,development
19851,development
19852,test
19853,test
19854,test
19855,development
19856,development
19857,development
19858,development
19859,development
19860,development
19861,development
19862,development
19863,test
19864,development
19865,development
19866,development
19867,development
19868,development
19869,development
19870,test
19871,development
19872,development
19873,development
19874,development
19875,development
19876,development
19877,development
19878,test
19879,development
19880,development
19881,development
19882,development
19883,development
19884,development
19885,development
19886,test
19887,test
19888,development
19889,development
19890,development
19891,development
19892,development
19893,test
19894,test
19895,development
19896,development
19897,development
19898,development
19899,test
19900,development
19901,development
19902,development
19903,development
19904,development
19905,development
19906,development
19907,development
19908,development
19909,development
19910,development
19911,test
19912,development
19913,development
19914,development
19915,development
19916,test
19917,development
19918,development
19919,development
19920,development
19921,test
19922,test
19923,test
19924,development
19925,development
19926,development
19927,development
19928,development
19929,development
19930,development
19931,development
19932,development
19933,development
19934,development
19935,development
19936,test
19937,development
19938,test
19939,development
19940,development
19941,development
19942,test
19943,development
19944,development
19945,development
19946,development
19947,development
19948,development
19949,development
19950,development
19951,test
19952,development
19953,development
19954,development
19955,test
19956,test
19957,development
19958,development
19959,test
19960,development
19961,development
19962,test
19963,development
19964,development
19965,development
19966,development
19967,development
19968,development
19969,development
19970,development
19971,development
19972,development
19973,development
19974,development
19975,test
19976,development
19977,development
19978,development
19979,development
19980,development
19981,test
19982,development
19983,test
19984,test
19985,development
19986,development
19987,development
19988,test
19989,development
19990,development
19991,development
19992,development
19993,test
19994,development
19995,test
19996,development
19997,development
19998,development
19999,development
20000,development
20001,development
20002,development
20003,test
20004,development
20005,test
20006,development
20007,development
20008,development
20009,development
20010,test
20011,test
20012,test
20013,development
20014,development
20015,test
20016,development
20017,development
20018,development
20019,test
20020,test
20021,development
20022,test
20023,test
20024,development
20025,test
20026,development
20027,development
20028,test
20029,development
20030,test
20031,development
20032,development
20033,development
20034,development
20035,test
20036,development
20037,development
20038,test
20039,development
20040,development
20041,development
20042,development
20043,development
20044,test
20045,development
20046,development
20047,development
20048,development
20049,development
20050,development
20051,test
20052,test
20053,development
20054,test
20055,development
20056,development
20057,development
20058,development
20059,development
20060,development
20061,test
20062,test
20063,development
20064,development
20065,development
20066,development
20067,development
20068,development
20069,test
20070,development
20071,development
20072,development
20073,development
20074,development
20075,development
20076,test
20077,test
20078,development
20079,development
20080,test
20081,test
20082,development
20083,development
20084,development
20085,development
20086,development
20087,development
20088,development
20089,development
20090,development
20091,development
20092,test
20093,development
20094,test
20095,development
20096,development
20097,test
20098,development
20099,development
20100,test
20101,development
20102,test
20103,development
20104,development
20105,development
20106,development
20107,development
20108,development
20109,development
20110,development
20111,test
20112,development
20113,development
20114,development
20115,development
20116,development
20117,development
20118,development
20119,development
20120,development
20121,development
20122,test
20123,development
20124,development
20125,test
20126,test
20127,development
20128,development
20129,development
20130,development
20131,development
20132,development
20133,development
20134,development
20135,development
20136,development
20137,development
20138,development
20139,development
20140,development
20141,development
20142,development
20143,development
20144,test
20145,development
20146,development
20147,development
20148,development
20149,development
20150,development
20151,test
20152,development
20153,development
20154,development
20155,test
20156,test
20157,test
20158,development
20159,development
20160,test
20161,development
20162,development
20163,development
20164,test
20165,development
20166,development
20167,development
20168,test
20169,test
20170,development
20171,development
20172,development
20173,development
20174,development
20175,development
20176,development
20177,test
20178,development
20179,development
20180,development
20181,development
20182,development
20183,development
20184,development
20185,development
20186,development
20187,development
20188,test
20189,development
20190,test
20191,development
20192,development
20193,test
20194,development
20195,development
20196,development
20197,development
20198,development
20199,development
20200,development
20201,test
20202,development
20203,development
20204,test
20205,development
20206,test
20207,development
20208,development
20209,development
20210,development
20211,development
20212,development
20213,development
20214,development
20215,development
20216,development
20217,test
20218,development
20219,test
20220,test
20221,development
20222,development
20223,development
20224,development
20225,development
20226,development
20227,development
20228,development
20229,development
20230,development
20231,development
20232,development
20233,development
20234,development
20235,test
20236,test
20237,development
20238,development
20239,test
20240,development
20241,development
20242,test
20243,development
20244,development
20245,development
20246,test
20247,development
20248,development
20249,test
20250,development
20251,test
20252,development
20253,development
20254,development
20255,development
20256,development
20257,development
20258,development
20259,development
20260,development
20261,development
20262,development
20263,development
20264,test
20265,test
20266,test
20267,development
20268,development
20269,development
20270,development
20271,development
20272,development
20273,development
20274,development
20275,development
20276,development
20277,development
20278,development
20279,development
20280,development
20281,development
20282,test
20283,development
20284,development
20285,development
20286,test
20287,development
20288,development
20289,test
20290,development
20291,development
20292,development
20293,development
20294,test
20295,development
20296,development
20297,development
20298,development
20299,test
20300,development
20301,development
20302,development
20303,test
20304,development
20305,test
20306,development
20307,development
20308,development
20309,development
20310,development
20311,test
20312,development
20313,development
20314,development
20315,development
20316,development
20317,development
20318,development
20319,development
20320,development
20321,development
20322,development
20323,test
20324,development
20325,development
20326,development
20327,development
20328,development
20329,test
20330,development
20331,development
20332,test
20333,development
20334,development
20335,development
20336,development
20337,development
20338,development
20339,development
20340,development
20341,test
20342,development
20343,test
20344,development
20345,development
20346,test
20347,development
20348,development
20349,development
20350,test
20351,development
20352,development
20353,development
20354,development
20355,development
20356,development
20357,test
20358,test
20359,development
20360,test
20361,development
20362,development
20363,development
20364,development
20365,development
20366,test
20367,development
20368,development
20369,development
20370,development
20371,development
20372,development
20373,development
20374,development
20375,development
20376,development
20377,development
20378,development
20379,development
20380,development
20381,development
20382,development
20383,test
20384,development
20385,development
20386,development
20387,development
20388,development
20389,development
20390,test
20391,development
20392,development
20393,development
20394,development
20395,test
20396,test
20397,development
20398,development
20399,development
20400,development
20401,development
20402,development
20403,development
20404,test
20405,development
20406,development
20407,development
20408,development
20409,development
20410,development
20411,development
20412,development
20413,development
20414,development
20415,test
20416,development
20417,development
20418,development
20419,development
20420,development
20421,development
20422,development
20423,test
20424,development
20425,test
20426,development
20427,development
20428,development
20429,test
20430,development
20431,test
20432,development
20433,development
20434,development
20435,test
20436,development
20437,development
20438,development
20439,development
20440,development
20441,development
20442,development
20443,development
20444,development
20445,development
20446,development
20447,development
20448,development
20449,test
20450,development
20451,development
20452,development
20453,development
20454,development
20455,development
20456,test
20457,development
20458,development
20459,development
20460,development
20461,development
20462,development
20463,development
20464,development
20465,development
20466,development
20467,development
20468,development
20469,test
20470,development
20471,development
20472,development
20473,development
20474,development
20475,development
20476,development
20477,development
20478,development
20479,test
20480,development
20481,development
20482,development
20483,development
20484,development
20485,development
20486,development
20487,development
20488,development
20489,development
20490,test
20491,development
20492,development
20493,development
20494,test
20495,development
20496,development
20497,development
20498,development
20499,development
20500,development
20501,development
20502,development
20503,development
20504,development
20505,test
20506,test
20507,development
20508,development
20509,development
20510,development
20511,development
20512,test
20513,development
20514,development
20515,development
20516,test
20517,development
20518,test
20519,test
20520,development
20521,development
20522,development
20523,development
20524,development
20525,development
20526,development
20527,development
20528,test
20529,test
20530,development
20531,test
20532,development
20533,test
20534,development
20535,development
20536,development
20537,test
20538,development
20539,development
20540,development
20541,development
20542,development
20543,development
20544,development
20545,test
20546,development
20547,development
20548,development
20549,development
20550,test
20551,test
20552,development
20553,development
20554,development
20555,development
20556,development
20557,development
20558,development
20559,development
20560,development
20561,development
20562,development
20563,development
20564,development
20565,development
20566,development
20567,development
20568,development
20569,development
20570,test
20571,test
20572,development
20573,development
20574,development
20575,development
20576,development
20577,test
20578,development
20579,development
20580,development
20581,development
20582,development
20583,development
20584,development
20585,development
20586,development
20587,test
20588,test
20589,test
20590,development
20591,development
20592,development
20593,development
20594,development
20595,development
20596,development
20597,test
20598,development
20599,development
20600,development
20601,development
20602,test
20603,development
20604,development
20605,development
20606,development
20607,development
20608,development
20609,development
20610,development
20611,development
20612,development
20613,test
20614,development
20615,development
20616,development
20617,development
20618,test
20619,development
20620,development
20621,test
20622,development
20623,development
20624,test
20625,test
20626,development
20627,development
20628,development
20629,development
20630,development
20631,test
20632,development
20633,development
20634,development
20635,development
20636,development
20637,development
20638,test
20639,test
20640,development
20641,test
20642,development
20643,test
20644,development
20645,test
20646,development
20647,development
20648,development
20649,development
20650,development
20651,development
20652,test
20653,test
20654,development
20655,development
20656,development
20657,development
20658,development
20659,development
20660,test
20661,test
20662,development
20663,development
20664,development
20665,development
20666,development
20667,development
20668,development
20669,development
20670,development
20671,development
20672,development
20673,development
20674,development
20675,development
20676,development
20677,test
20678,development
20679,test
20680,development
20681,test
20682,development
20683,development
20684,development
20685,development
20686,development
20687,development
20688,development
20689,development
20690,development
20691,development
20692,development
20693,development
20694,test
20695,development
20696,test
20697,development
20698,development
20699,test
20700,development
20701,development
20702,test
20703,development
20704,development
20705,development
20706,test
20707,test
20708,development
20709,development
20710,development
20711,development
20712,development
20713,development
20714,development
20715,development
20716,development
20717,test
20718,development
20719,development
20720,development
20721,development
20722,development
20723,development
20724,development
20725,development
20726,development
20727,development
20728,development
20729,development
20730,development
20731,test
20732,test
20733,development
20734,development
20735,development
20736,development
20737,development
20738,development
20739,test
20740,test
20741,development
20742,test
20743,test
20744,test
20745,development
20746,development
20747,development
20748,development
20749,development
20750,development
20751,test
20752,development
20753,development
20754,development
20755,test
20756,development
20757,development
20758,development
20759,development
20760,development
20761,test
20762,development
20763,development
20764,test
20765,test
20766,development
20767,development
20768,development
20769,development
20770,development
20771,development
20772,development
20773,development
20774,development
20775,development
20776,development
20777,development
20778,development
20779,development
20780,development
20781,test
20782,development
20783,development
20784,development
20785,development
20786,test
20787,test
20788,development
20789,test
20790,development
20791,test
20792,development
20793,development
20794,development
20795,development
20796,development
20797,development
20798,development
20799,development
20800,development
20801,test
20802,development
20803,development
20804,development
20805,development
20806,development
20807,development
20808,development
20809,development
20810,development
20811,development
20812,development
20813,test
20814,development
20815,development
20816,test
20817,development
20818,test
20819,development
20820,development
20821,development
20822,development
20823,development
20824,development
20825,development
20826,development
20827,development
20828,development
20829,development
20830,development
20831,test
20832,development
20833,development
20834,test
20835,development
20836,development
20837,development
20838,development
20839,development
20840,development
20841,development
20842,development
20843,development
20844,development
20845,development
20846,development
20847,development
20848,test
20849,test
20850,development
20851,development
20852,test
20853,development
20854,test
20855,development
20856,test
20857,development
20858,test
20859,test
20860,development
20861,test
20862,development
20863,development
20864,test
20865,development
20866,development
20867,development
20868,development
20869,development
20870,development
20871,development
20872,development
20873,development
20874,development
20875,development
20876,development
20877,development
20878,test
20879,development
20880,development
20881,development
20882,development
20883,development
20884,development
20885,development
20886,development
20887,development
20888,development
20889,development
20890,development
20891,development
20892,development
20893,test
20894,development
20895,development
20896,test
20897,test
20898,development
20899,development
20900,development
20901,development
20902,development
20903,development
20904,development
20905,development
20906,development
20907,test
20908,development
20909,development
20910,test
20911,development
20912,development
20913,development
20914,development
20915,development
20916,test
20917,development
20918,development
20919,development
20920,test
20921,development
20922,development
20923,development
20924,development
20925,development
20926,development
20927,development
20928,development
20929,development
20930,test
20931,development
20932,test
20933,development
20934,development
20935,test
20936,development
20937,development
20938,development
20939,development
20940,development
20941,test
20942,test
20943,development
20944,development
20945,test
20946,test
20947,development
20948,development
20949,development
20950,development
20951,development
20952,development
20953,test
20954,development
20955,development
20956,development
20957,development
20958,development
20959,development
20960,development
20961,development
20962,development
20963,development
20964,development
20965,development
20966,development
20967,development
20968,development
20969,development
20970,development
20971,development
20972,development
20973,development
20974,development
20975,development
20976,development
20977,development
20978,development
20979,development
20980,development
20981,development
20982,development
20983,development
20984,test
20985,development
20986,test
20987,development
20988,development
20989,development
20990,development
20991,development
20992,test
20993,development
20994,development
20995,development
20996,development
20997,development
20998,development
20999,development
21000,development
21001,test
21002,test
21003,development
21004,test
21005,test
21006,development
21007,test
21008,development
21009,development
21010,development
21011,development
21012,test
21013,development
21014,development
21015,development
21016,development
21017,development
21018,test
21019,development
21020,development
21021,development
21022,development
21023,development
21024,development
21025,development
21026,development
21027,test
21028,development
21029,development
21030,development
21031,development
21032,development
21033,development
21034,test
21035,development
21036,development
21037,development
21038,development
21039,development
21040,development
21041,development
21042,development
21043,development
21044,development
21045,test
21046,development
21047,development
21048,development
21049,development
21050,development
21051,test
21052,development
21053,development
21054,development
21055,development
21056,development
21057,development
21058,development
21059,development
21060,development
21061,development
21062,development
21063,development
21064,development
21065,test
21066,test
21067,development
21068,development
21069,development
21070,development
21071,development
21072,test
21073,test
21074,development
21075,development
21076,development
21077,development
21078,test
21079,development
21080,test
21081,test
21082,development
21083,development
21084,development
21085,development
21086,development
21087,test
21088,development
21089,development
21090,development
21091,test
21092,development
21093,development
21094,test
21095,test
21096,development
21097,development
21098,development
21099,development
21100,development
21101,development
21102,development
21103,development
21104,development
21105,development
21106,development
21107,development
21108,development
21109,development
21110,development
21111,development
21112,development
21113,test
21114,development
21115,development
21116,development
21117,development
21118,development
21119,development
21120,development
21121,development
21122,development
21123,development
21124,development
21125,development
21126,development
21127,development
21128,test
21129,development
21130,development
21131,development
21132,test
21133,development
21134,development
21135,development
21136,development
21137,development
21138,development
21139,development
21140,development
21141,test
21142,development
21143,test
21144,development
21145,development
21146,development
21147,development
21148,test
21149,development
21150,development
21151,development
21152,development
21153,development
21154,development
21155,development
21156,development
21157,development
21158,development
21159,development
21160,development
21161,development
21162,development
21163,test
21164,development
21165,development
21166,development
21167,development
21168,development
21169,development
21170,development
21171,development
21172,development
21173,development
21174,development
21175,development
21176,test
21177,development
21178,development
21179,development
21180,development
21181,test
21182,development
21183,development
21184,development
21185,test
21186,development
21187,development
21188,development
21189,development
21190,development
21191,development
21192,development
21193,test
21194,development
21195,development
21196,development
21197,development
21198,development
21199,development
21200,development
21201,development
21202,development
21203,development
21204,development
21205,development
21206,development
21207,test
21208,development
21209,development
21210,development
21211,development
21212,development
21213,test
21214,development
21215,test
21216,development
21217,development
21218,test
21219,development
21220,development
21221,development
21222,test
21223,development
21224,development
21225,test
21226,development
21227,development
21228,development
21229,development
21230,development
21231,development
21232,development
21233,development
21234,development
21235,development
21236,test
21237,development
21238,development
21239,development
21240,development
21241,development
21242,development
21243,development
21244,development
21245,development
21246,development
21247,development
21248,development
21249,test
21250,development
21251,development
21252,development
21253,development
21254,development
21255,development
21256,development
21257,development
21258,development
21259,test
21260,development
21261,development
21262,development
21263,test
21264,development
21265,test
21266,development
21267,development
21268,development
21269,test
21270,development
21271,development
21272,development
21273,development
21274,development
21275,development
21276,development
21277,development
21278,development
21279,development
21280,development
21281,development
21282,test
21283,development
21284,development
21285,development
21286,test
21287,development
21288,development
21289,test
21290,test
21291,development
21292,development
21293,development
21294,development
21295,test
21296,development
21297,development
21298,test
21299,development
21300,test
21301,development
21302,development
21303,development
21304,development
21305,development
21306,test
21307,development
21308,test
21309,development
21310,development
21311,test
21312,development
21313,development
21314,development
21315,development
21316,test
21317,development
21318,development
21319,development
21320,development
21321,test
21322,development
21323,development
21324,development
21325,development
21326,development
21327,test
21328,development
21329,development
21330,development
21331,development
21332,development
21333,development
21334,test
21335,development
21336,development
21337,development
21338,development
21339,development
21340,development
21341,test
21342,test
21343,development
21344,development
21345,test
21346,development
21347,development
21348,development
21349,development
21350,development
21351,development
21352,development
21353,development
21354,test
21355,development
21356,test
21357,development
21358,test
21359,development
21360,development
21361,development
21362,development
21363,development
21364,test
21365,development
21366,development
21367,development
21368,development
21369,development
21370,test
21371,development
21372,development
21373,test
21374,development
21375,development
21376,development
21377,development
21378,development
21379,development
21380,development
21381,development
21382,test
21383,development
21384,development
21385,development
21386,development
21387,development
21388,test
21389,development
21390,test
21391,development
21392,development
21393,development
21394,development
21395,development
21396,development
21397,development
21398,development
21399,development
21400,development
21401,test
21402,development
21403,development
21404,test
21405,development
21406,development
21407,development
21408,development
21409,test
21410,test
21411,test
21412,development
21413,development
21414,development
21415,test
21416,development
21417,development
21418,development
21419,development
21420,development
21421,development
21422,development
21423,development
21424,development
21425,development
21426,development
21427,development
21428,development
21429,development
21430,test
21431,test
21432,development
21433,development
21434,development
21435,development
21436,test
21437,development
21438,development
21439,development
21440,development
21441,development
21442,development
21443,development
21444,development
21445,development
21446,development
21447,development
21448,development
21449,development
21450,development
21451,development
21452,development
21453,development
21454,development
21455,development
21456,development
21457,development
21458,test
21459,development
21460,development
21461,development
21462,test
21463,development
21464,development
21465,test
21466,test
21467,test
21468,development
21469,development
21470,development
21471,development
21472,development
21473,development
21474,test
21475,development
21476,development
21477,development
21478,test
21479,test
21480,test
21481,test
21482,development
21483,development
21484,test
21485,development
21486,test
21487,development
21488,development
21489,test
21490,test
21491,development
21492,test
21493,development
21494,development
21495,development
21496,development
21497,development
21498,development
21499,development
21500,test
21501,development
21502,development
21503,development
21504,test
21505,test
21506,development
21507,development
21508,development
21509,development
21510,development
21511,test
21512,development
21513,development
21514,development
21515,development
21516,test
21517,development
21518,development
21519,test
21520,development
21521,development
21522,development
21523,test
21524,test
21525,development
21526,development
21527,development
21528,test
21529,development
21530,development
21531,development
21532,development
21533,development
21534,development
21535,development
21536,development
21537,development
21538,test
21539,development
21540,development
21541,test
21542,development
21543,development
21544,test
21545,development
21546,test
21547,development
21548,development
21549,development
21550,test
21551,development
21552,test
21553,development
21554,test
21555,development
21556,development
21557,development
21558,development
21559,development
21560,development
21561,test
21562,development
21563,development
21564,development
21565,test
21566,test
21567,development
21568,development
21569,development
21570,development
21571,development
21572,development
21573,development
21574,development
21575,development
21576,development
21577,test
21578,development
21579,development
21580,development
21581,test
21582,test
21583,development
21584,development
21585,development
21586,development
21587,test
21588,development
21589,development
21590,development
21591,development
21592,test
21593,development
21594,test
21595,development
21596,development
21597,development
21598,development
21599,development
21600,development
21601,development
21602,development
21603,development
21604,development
21605,development
21606,development
21607,test
21608,development
21609,development
21610,test
21611,development
21612,development
21613,development
21614,development
21615,development
21616,development
21617,development
21618,development
21619,test
21620,test
21621,development
21622,development
21623,test
21624,development
21625,development
21626,development
21627,development
21628,development
21629,development
21630,development
21631,development
21632,development
21633,development
21634,development
21635,development
21636,development
21637,development
21638,development
21639,development
21640,development
21641,development
21642,development
21643,development
21644,development
21645,test
21646,development
21647,test
21648,development
21649,development
21650,development
21651,development
21652,development
21653,test
21654,development
21655,development
21656,development
21657,development
21658,development
21659,development
21660,development
21661,development
21662,development
21663,development
21664,test
21665,development
21666,development
21667,test
21668,development
21669,test
21670,test
21671,development
21672,test
21673,development
21674,development
21675,test
21676,development
21677,development
21678,test
21679,development
21680,development
21681,development
21682,development
21683,development
21684,development
21685,development
21686,development
21687,development
21688,development
21689,development
21690,development
21691,development
21692,development
21693,development
21694,test
21695,development
21696,test
21697,development
21698,development
21699,test
21700,development
21701,development
21702,test
21703,development
21704,development
21705,development
21706,development
21707,development
21708,development
21709,test
21710,development
21711,development
21712,development
21713,development
21714,development
21715,test
21716,development
21717,development
21718,development
21719,test
21720,development
21721,development
21722,development
21723,development
21724,development
21725,development
21726,development
21727,development
21728,development
21729,development
21730,test
21731,development
21732,development
21733,development
21734,development
21735,development
21736,development
21737,development
21738,development
21739,development
21740,development
21741,development
21742,development
21743,development
21744,development
21745,development
21746,development
21747,test
21748,development
21749,development
21750,development
21751,development
21752,development
21753,development
21754,test
21755,development
21756,development
21757,test
21758,development
21759,development
21760,development
21761,test
21762,development
21763,development
21764,test
21765,test
21766,development
21767,development
21768,development
21769,development
21770,development
21771,development
21772,test
21773,development
21774,development
21775,development
21776,development
21777,development
21778,development
21779,test
21780,development
21781,development
21782,development
21783,test
21784,development
21785,development
21786,test
21787,test
21788,development
21789,development
21790,test
21791,development
21792,test
21793,test
21794,development
21795,development
21796,development
21797,development
21798,development
21799,development
21800,development
21801,development
21802,development
21803,development
21804,development
21805,test
21806,development
21807,development
21808,development
21809,test
21810,test
21811,development
21812,development
21813,development
21814,development
21815,development
21816,test
21817,test
21818,development
21819,test
21820,development
21821,development
21822,development
21823,development
21824,development
21825,development
21826,development
21827,development
21828,test
21829,development
21830,development
21831,development
21832,development
21833,development
21834,development
21835,development
21836,development
21837,test
21838,development
21839,development
21840,development
21841,development
21842,development
21843,development
21844,test
21845,development
21846,development
21847,development
21848,development
21849,development
21850,test
21851,test
21852,development
21853,development
21854,development
21855,test
21856,development
21857,development
21858,test
21859,development
21860,test
21861,development
21862,development
21863,development
21864,development
21865,development
21866,test
21867,development
21868,development
21869,development
21870,development
21871,development
21872,development
21873,development
21874,development
21875,development
21876,development
21877,development
21878,development
21879,development
21880,test
21881,development
21882,test
21883,development
21884,development
21885,development
21886,development
21887,development
21888,development
21889,development
21890,development
21891,development
21892,development
21893,development
21894,development
21895,development
21896,development
21897,test
21898,development
21899,development
21900,development
21901,development
21902,test
21903,development
21904,development
21905,development
21906,development
21907,development
21908,test
21909,development
21910,development
21911,development
21912,development
21913,development
21914,development
21915,test
21916,development
21917,development
21918,development
21919,development
21920,development
21921,development
21922,development
21923,development
21924,development
21925,development
21926,test
21927,development
21928,development
21929,development
21930,development
21931,test
21932,development
21933,development
21934,development
21935,test
21936,development
21937,development
21938,development
21939,test
21940,development
21941,development
21942,development
21943,development
21944,development
21945,test
21946,test
21947,development
21948,development
21949,development
21950,development
21951,development
21952,development
21953,development
21954,development
21955,development
21956,development
21957,development
21958,development
21959,development
21960,test
21961,development
21962,test
21963,development
21964,test
21965,development
21966,development
21967,development
21968,development
21969,development
21970,development
21971,development
21972,development
21973,development
21974,test
21975,test
21976,development
21977,development
21978,development
21979,development
21980,development
21981,test
21982,development
21983,development
21984,development
21985,development
21986,development
21987,development
21988,test
21989,test
21990,development
21991,test
21992,development
21993,test
21994,development
21995,development
21996,development
21997,development
21998,test
21999,development
22000,development
22001,development
22002,development
22003,test
22004,development
22005,test
22006,test
22007,development
22008,development
22009,development
22010,development
22011,development
22012,test
22013,development
22014,development
22015,development
22016,development
22017,development
22018,development
22019,development
22020,development
22021,development
22022,test
22023,development
22024,test
22025,test
22026,development
22027,development
22028,development
22029,development
22030,development
22031,development
22032,development
22033,test
22034,development
22035,development
22036,development
22037,test
22038,development
22039,test
22040,test
22041,development
22042,development
22043,development
22044,development
22045,development
22046,development
22047,development
22048,development
22049,development
22050,development
22051,development
22052,development
22053,development
22054,development
22055,test
22056,test
22057,development
22058,development
22059,development
22060,test
22061,development
22062,development
22063,development
22064,development
22065,development
22066,development
22067,test
22068,development
22069,development
22070,development
22071,development
22072,development
22073,development
22074,development
22075,development
22076,development
22077,development
22078,development
22079,development
22080,development
22081,development
22082,development
22083,development
22084,development
22085,development
22086,development
22087,test
22088,development
22089,development
22090,development
22091,development
22092,development
22093,development
22094,development
22095,development
22096,test
22097,development
22098,development
22099,development
22100,development
22101,development
22102,test
22103,development
22104,development
22105,development
22106,development
22107,development
22108,development
22109,test
22110,development
22111,test
22112,development
22113,development
22114,development
22115,development
22116,development
22117,development
22118,test
22119,development
22120,development
22121,development
22122,development
22123,test
22124,development
22125,development
22126,test
22127,development
22128,development
22129,test
22130,development
22131,development
22132,development
22133,development
22134,development
22135,development
22136,development
22137,test
22138,development
22139,development
22140,development
22141,development
22142,test
22143,development
22144,development
22145,development
22146,development
22147,development
22148,development
22149,development
22150,development
22151,development
22152,development
22153,development
22154,test
22155,test
22156,development
22157,development
22158,development
22159,development
22160,development
22161,development
22162,development
22163,test
22164,test
22165,development
22166,development
22167,test
22168,test
22169,development
22170,test
22171,development
22172,development
22173,development
22174,development
22175,development
22176,development
22177,development
22178,development
22179,development
22180,development
22181,test
22182,test
22183,test
22184,development
22185,development
22186,development
22187,development
22188,test
22189,development
22190,development
22191,development
22192,test
22193,development
22194,development
22195,development
22196,development
22197,development
22198,development
22199,test
22200,development
22201,development
22202,development
22203,development
22204,development
22205,development
22206,development
22207,development
22208,development
22209,development
22210,development
22211,test
22212,test
22213,development
22214,development
22215,test
22216,development
22217,test
22218,development
22219,development
22220,development
22221,development
22222,development
22223,development
22224,test
22225,development
22226,test
22227,development
22228,development
22229,test
22230,development
22231,test
22232,test
22233,development
22234,development
22235,development
22236,development
22237,development
22238,development
22239,development
22240,development
22241,development
22242,test
22243,development
22244,test
22245,development
22246,test
22247,test
22248,development
22249,test
22250,development
22251,development
22252,development
22253,development
22254,development
22255,development
22256,development
22257,development
22258,development
22259,development
22260,development
22261,development
22262,development
22263,development
22264,development
22265,test
22266,development
22267,test
22268,test
22269,development
22270,development
22271,test
22272,development
22273,development
22274,test
22275,development
22276,development
22277,development
22278,development
22279,development
22280,development
22281,development
22282,development
22283,development
22284,development
22285,development
22286,development
22287,development
22288,development
22289,development
22290,test
22291,test
22292,development
22293,development
22294,development
22295,development
22296,development
22297,development
22298,development
22299,development
22300,development
22301,development
22302,development
22303,development
22304,test
22305,test
22306,development
22307,test
22308,development
22309,test
22310,development
22311,development
22312,development
22313,development
22314,test
22315,development
22316,development
22317,development
22318,development
22319,development
22320,test
22321,development
22322,development
22323,development
22324,test
22325,development
22326,development
22327,development
22328,development
22329,development
22330,development
22331,development
22332,development
22333,development
22334,development
22335,development
22336,development
22337,test
22338,test
22339,development
22340,test
22341,development
22342,development
22343,development
22344,development
22345,development
22346,development
22347,test
22348,development
22349,development
22350,development
22351,development
22352,development
22353,development
22354,development
22355,development
22356,development
22357,test
22358,development
22359,development
22360,test
22361,development
22362,development
22363,development
22364,development
22365,test
22366,development
22367,development
22368,development
22369,development
22370,development
22371,development
22372,development
22373,development
22374,development
22375,development
22376,development
22377,test
22378,development
22379,development
22380,development
22381,development
22382,development
22383,development
22384,development
22385,development
22386,development
22387,development
22388,development
22389,development
22390,development
22391,development
22392,development
22393,test
22394,development
22395,development
22396,development
22397,development
22398,test
22399,development
22400,development
22401,test
22402,development
22403,test
22404,development
22405,test
22406,development
22407,test
22408,development
22409,development
22410,development
22411,development
22412,test
22413,development
22414,development
22415,development
22416,development
22417,development
22418,development
22419,development
22420,development
22421,development
22422,test
22423,test
22424,test
22425,test
22426,development
22427,development
22428,test
22429,development
22430,development
22431,development
22432,development
22433,development
22434,development
22435,development
22436,development
22437,test
22438,development
22439,development
22440,development
22441,development
22442,development
22443,development
22444,development
22445,development
22446,test
22447,development
22448,development
22449,development
22450,development
22451,development
22452,development
22453,test
22454,test
22455,development
22456,development
22457,development
22458,development
22459,development
22460,development
22461,development
22462,development
22463,development
22464,development
22465,development
22466,development
22467,development
22468,development
22469,development
22470,development
22471,development
22472,test
22473,development
22474,test
22475,test
22476,development
22477,development
22478,development
22479,development
22480,development
22481,test
22482,test
22483,development
22484,development
22485,development
22486,development
22487,development
22488,development
22489,development
22490,test
22491,development
22492,development
22493,development
22494,development
22495,development
22496,development
22497,development
22498,development
22499,development
22500,development
22501,development
22502,development
22503,development
22504,development
22505,test
22506,test
22507,test
22508,development
22509,test
22510,development
22511,development
22512,development
22513,development
22514,development
22515,development
22516,development
22517,development
22518,development
22519,development
22520,development
22521,development
22522,development
22523,development
22524,development
22525,development
22526,development
22527,development
22528,development
22529,development
22530,development
22531,development
22532,development
22533,development
22534,development
22535,development
22536,development
22537,test
22538,development
22539,development
22540,test
22541,development
22542,development
22543,development
22544,development
22545,development
22546,development
22547,development
22548,development
22549,development
22550,development
22551,development
22552,development
22553,development
22554,development
22555,development
22556,development
22557,development
22558,development
22559,test
22560,development
22561,test
22562,development
22563,development
22564,test
22565,development
22566,development
22567,development
22568,development
22569,development
22570,test
22571,development
22572,development
22573,development
22574,development
22575,development
22576,test
22577,development
22578,test
22579,test
22580,development
22581,development
22582,development
22583,development
22584,development
22585,development
22586,development
22587,test
22588,development
22589,development
22590,development
22591,test
22592,development
22593,development
22594,development
22595,development
22596,development
22597,development
22598,development
22599,development
22600,development
22601,development
22602,development
22603,development
22604,development
22605,development
22606,test
22607,test
22608,development
22609,development
22610,development
22611,development
22612,development
22613,development
22614,development
22615,development
22616,development
22617,development
22618,development
22619,test
22620,development
22621,development
22622,development
22623,development
22624,development
22625,development
22626,test
22627,development
22628,development
22629,development
22630,development
22631,development
22632,development
22633,development
22634,development
22635,test
22636,development
22637,development
22638,development
22639,development
22640,test
22641,development
22642,development
22643,development
22644,development
22645,test
22646,development
22647,development
22648,development
22649,development
22650,development
22651,development
22652,test
22653,development
22654,development
22655,test
22656,test
22657,test
22658,development
22659,development
22660,test
22661,development
22662,development
22663,development
22664,development
22665,development
22666,development
22667,development
22668,development
22669,development
22670,development
22671,development
22672,development
22673,development
22674,development
22675,development
22676,development
22677,development
22678,test
22679,development
22680,development
22681,development
22682,development
22683,test
22684,development
22685,development
22686,development
22687,development
22688,development
22689,development
22690,development
22691,development
22692,development
22693,development
22694,development
22695,development
22696,test
22697,development
22698,development
22699,test
22700,development
22701,test
22702,development
22703,development
22704,development
22705,development
22706,development
22707,test
22708,development
22709,development
22710,test
22711,test
22712,development
22713,development
22714,development
22715,development
22716,development
22717,development
22718,development
22719,test
22720,development
22721,development
22722,development
22723,development
22724,development
22725,development
22726,test
22727,development
22728,development
22729,test
22730,test
22731,test
22732,development
22733,development
22734,development
22735,development
22736,development
22737,development
22738,development
22739,development
22740,development
22741,development
22742,development
22743,development
22744,development
22745,development
22746,development
22747,development
22748,development
22749,test
22750,test
22751,development
22752,development
22753,development
22754,development
22755,development
22756,development
22757,development
22758,development
22759,development
22760,development
22761,test
22762,development
22763,development
22764,development
22765,development
22766,development
22767,development
22768,test
22769,development
22770,development
22771,development
22772,development
22773,test
22774,development
22775,development
22776,development
22777,development
22778,development
22779,development
22780,development
22781,test
22782,test
22783,development
22784,development
22785,test
22786,development
22787,development
22788,development
22789,test
22790,development
22791,development
22792,development
22793,development
22794,development
22795,test
22796,test
22797,test
22798,development
22799,development
22800,test
22801,development
22802,development
22803,development
22804,development
22805,development
22806,development
22807,development
22808,test
22809,test
22810,development
22811,development
22812,development
22813,development
22814,development
22815,development
22816,development
22817,development
22818,development
22819,test
22820,development
22821,development
22822,development
22823,test
22824,development
22825,development
22826,test
22827,development
22828,development
22829,development
22830,development
22831,development
22832,development
22833,development
22834,development
22835,development
22836,development
22837,development
22838,test
22839,development
22840,development
22841,test
22842,test
22843,development
22844,development
22845,development
22846,test
22847,development
22848,test
22849,development
22850,development
22851,development
22852,test
22853,development
22854,development
22855,development
22856,development
22857,development
22858,development
22859,development
22860,development
22861,development
22862,development
22863,development
22864,development
22865,development
22866,development
22867,development
22868,development
22869,development
22870,development
22871,development
22872,test
22873,development
22874,development
22875,test
22876,development
22877,test
22878,development
22879,development
22880,development
22881,test
22882,development
22883,development
22884,development
22885,development
22886,development
22887,development
22888,development
22889,test
22890,development
22891,development
22892,development
22893,test
22894,development
22895,development
22896,development
22897,test
22898,development
22899,development
22900,development
22901,development
22902,development
22903,development
22904,development
22905,development
22906,development
22907,development
22908,development
22909,development
22910,development
22911,development
22912,development
22913,test
22914,development
22915,development
22916,test
22917,development
22918,development
22919,test
22920,test
22921,development
22922,development
22923,development
22924,test
22925,test
22926,development
22927,test
22928,development
22929,development
22930,development
22931,development
22932,development
22933,development
22934,development
22935,development
22936,development
22937,development
22938,test
22939,development
22940,development
22941,test
22942,development
22943,test
22944,development
22945,development
22946,development
22947,test
22948,development
22949,development
22950,development
22951,development
22952,development
22953,development
22954,test
22955,development
22956,test
22957,development
22958,development
22959,test
22960,test
22961,test
22962,development
22963,test
22964,development
22965,development
22966,development
22967,development
22968,development
22969,development
22970,development
22971,development
22972,development
22973,development
22974,development
22975,development
22976,test
22977,development
22978,development
22979,test
22980,development
22981,test
22982,development
22983,development
22984,development
22985,development
22986,development
22987,test
22988,development
22989,test
22990,development
22991,test
22992,development
22993,development
22994,development
22995,test
22996,development
22997,development
22998,development
22999,development
23000,development
23001,development
23002,test
23003,development
23004,development
23005,development
23006,development
23007,development
23008,development
23009,development
23010,development
23011,development
23012,test
23013,development
23014,development
23015,development
23016,test
23017,development
23018,development
23019,development
23020,test
23021,development
23022,development
23023,development
23024,development
23025,test
23026,development
23027,development
23028,test
23029,development
23030,development
23031,development
23032,test
23033,development
23034,development
23035,development
23036,development
23037,development
23038,development
23039,development
23040,test
23041,development
23042,development
23043,development
23044,development
23045,development
23046,development
23047,development
23048,development
23049,test
23050,development
23051,development
23052,development
23053,development
23054,development
23055,development
23056,test
23057,development
23058,development
23059,development
23060,development
23061,development
23062,development
23063,development
23064,development
23065,test
23066,development
23067,development
23068,development
23069,development
23070,development
23071,development
23072,development
23073,development
23074,development
23075,development
23076,development
23077,development
23078,development
23079,development
23080,development
23081,development
23082,development
23083,test
23084,development
23085,development
23086,development
23087,development
23088,development
23089,development
23090,development
23091,development
23092,development
23093,test
23094,development
23095,test
23096,development
23097,development
23098,test
23099,development
23100,development
23101,test
23102,development
23103,development
23104,development
23105,development
23106,test
23107,development
23108,development
23109,development
23110,development
23111,development
23112,development
23113,development
23114,development
23115,test
23116,development
23117,development
23118,test
23119,test
23120,development
23121,development
23122,development
23123,development
23124,test
23125,development
23126,test
23127,development
23128,development
23129,development
23130,development
23131,development
23132,development
23133,development
23134,development
23135,development
23136,development
23137,development
23138,development
23139,development
23140,development
23141,test
23142,development
23143,development
23144,development
23145,development
23146,development
23147,development
23148,development
23149,development
23150,test
23151,development
23152,development
23153,test
23154,development
23155,development
23156,development
23157,development
23158,test
23159,development
23160,development
23161,development
23162,development
23163,development
23164,development
23165,test
23166,test
23167,development
23168,development
23169,development
23170,development
23171,development
23172,development
23173,development
23174,development
23175,development
23176,development
23177,development
23178,development
23179,development
23180,development
23181,development
23182,development
23183,test
23184,development
23185,development
23186,test
23187,development
23188,development
23189,development
23190,development
23191,development
23192,test
23193,test
23194,development
23195,development
23196,test
23197,test
23198,development
23199,development
23200,development
23201,development
23202,development
23203,development
23204,development
23205,development
23206,development
23207,development
23208,test
23209,development
23210,development
23211,test
23212,development
23213,development
23214,development
23215,development
23216,test
23217,development
23218,test
23219,development
23220,development
23221,test
23222,test
23223,development
23224,development
23225,development
23226,development
23227,development
23228,development
23229,development
23230,development
23231,development
23232,development
23233,development
23234,development
23235,development
23236,development
23237,development
23238,development
23239,development
23240,development
23241,development
23242,development
23243,development
23244,test
23245,development
23246,development
23247,development
23248,development
23249,test
23250,development
23251,test
23252,test
23253,development
23254,development
23255,development
23256,development
23257,development
23258,development
23259,development
23260,test
23261,development
23262,development
23263,development
23264,development
23265,development
23266,development
23267,development
23268,development
23269,test
23270,development
23271,development
23272,development
23273,test
23274,test
23275,development
23276,development
23277,development
23278,development
23279,development
23280,development
23281,development
23282,development
23283,development
23284,development
23285,development
23286,development
23287,test
23288,development
23289,development
23290,development
23291,development
23292,development
23293,development
23294,development
23295,development
23296,development
23297,development
23298,development
23299,development
23300,development
23301,development
23302,test
23303,development
23304,development
23305,development
23306,development
23307,test
23308,development
23309,test
23310,development
23311,development
23312,development
23313,development
23314,test
23315,development
23316,development
23317,development
23318,test
23319,development
23320,development
23321,development
23322,development
23323,development
23324,development
23325,test
23326,development
23327,development
23328,development
23329,development
23330,development
23331,development
23332,development
23333,development
23334,development
23335,development
23336,test
23337,development
23338,development
23339,development
23340,test
23341,development
23342,development
23343,development
23344,development
23345,development
23346,development
23347,development
23348,development
23349,development
23350,development
23351,development
23352,development
23353,development
23354,development
23355,development
23356,test
23357,development
23358,test
23359,test
23360,development
23361,development
23362,development
23363,development
23364,development
23365,development
23366,development
23367,development
23368,development
23369,development
23370,development
23371,test
23372,development
23373,development
23374,development
23375,development
23376,test
23377,development
23378,development
23379,development
23380,development
23381,development
23382,development
23383,development
23384,development
23385,development
23386,development
23387,development
23388,development
23389,development
23390,development
23391,development
23392,development
23393,development
23394,development
23395,development
23396,test
23397,test
23398,test
23399,development
23400,development
23401,development
23402,development
23403,development
23404,development
23405,development
23406,development
23407,development
23408,development
23409,test
23410,development
23411,development
23412,development
23413,test
23414,test
23415,test
23416,development
23417,development
23418,development
23419,development
23420,development
23421,development
23422,development
23423,development
23424,development
23425,development
23426,development
23427,development
23428,development
23429,development
23430,test
23431,development
23432,development
23433,development
23434,development
23435,development
23436,development
23437,test
23438,development
23439,development
23440,test
23441,development
23442,development
23443,development
23444,development
23445,development
23446,development
23447,development
23448,development
23449,development
23450,development
23451,development
23452,development
23453,development
23454,development
23455,development
23456,development
23457,development
23458,development
23459,development
23460,development
23461,development
23462,development
23463,development
23464,development
23465,development
23466,development
23467,development
23468,test
23469,development
23470,development
23471,development
23472,development
23473,development
23474,development
23475,development
23476,development
23477,development
23478,test
23479,test
23480,development
23481,development
23482,development
23483,development
23484,development
23485,development
23486,development
23487,development
23488,development
23489,development
23490,development
23491,development
23492,test
23493,test
23494,test
23495,development
23496,development
23497,test
23498,development
23499,development
23500,test
23501,development
23502,development
23503,development
23504,development
23505,development
23506,test
23507,development
23508,test
23509,development
23510,development
23511,development
23512,development
23513,development
23514,development
23515,development
23516,test
23517,development
23518,development
23519,development
23520,development
23521,test
23522,development
23523,development
23524,development
23525,development
23526,development
23527,development
23528,test
23529,development
23530,development
23531,development
23532,development
23533,development
23534,development
23535,development
23536,development
23537,development
23538,development
23539,development
23540,development
23541,development
23542,development
23543,development
23544,test
23545,development
23546,test
23547,test
23548,development
23549,development
23550,development
23551,development
23552,development
23553,development
23554,development
23555,development
23556,development
23557,development
23558,development
23559,development
23560,development
23561,development
23562,development
23563,development
23564,development
23565,test
23566,development
23567,development
23568,development
23569,development
23570,development
23571,development
23572,test
23573,development
23574,development
23575,development
23576,test
23577,development
23578,development
23579,development
23580,development
23581,development
23582,development
23583,development
23584,test
23585,development
23586,development
23587,development
23588,development
23589,development
23590,development
23591,development
23592,development
23593,development
23594,development
23595,development
23596,development
23597,development
23598,test
23599,development
23600,development
23601,test
23602,test
23603,development
23604,development
23605,test
23606,test
23607,development
23608,development
23609,development
23610,test
23611,development
23612,development
23613,development
23614,development
23615,development
23616,development
23617,development
23618,development
23619,development
23620,development
23621,development
23622,development
23623,development
23624,test
23625,test
23626,development
23627,development
23628,test
23629,development
23630,development
23631,development
23632,development
23633,development
23634,test
23635,development
23636,test
23637,development
23638,development
23639,development
23640,test
23641,development
23642,development
23643,development
23644,development
23645,development
23646,test
23647,development
23648,development
23649,development
23650,development
23651,test
23652,development
23653,development
23654,test
23655,development
23656,development
23657,development
23658,test
23659,development
23660,development
23661,test
23662,development
23663,development
23664,development
23665,development
23666,development
23667,test
23668,development
23669,development
23670,development
23671,development
23672,test
23673,development
23674,development
23675,development
23676,development
23677,development
23678,development
23679,test
23680,development
23681,development
23682,development
23683,development
23684,development
23685,development
23686,development
23687,development
23688,development
23689,development
23690,test
23691,development
23692,development
23693,development
23694,test
23695,development
23696,development
23697,development
23698,development
23699,development
23700,development
23701,test
23702,test
23703,development
23704,test
23705,development
23706,development
23707,development
23708,development
23709,test
23710,test
23711,development
23712,development
23713,development
23714,development
23715,development
23716,development
23717,test
23718,development
23719,development
23720,development
23721,development
23722,development
23723,development
23724,test
23725,test
23726,development
23727,test
23728,development
23729,development
23730,test
23731,development
23732,development
23733,development
23734,development
23735,development
23736,development
23737,test
23738,development
23739,development
23740,development
23741,development
23742,development
23743,development
23744,development
23745,development
23746,test
23747,development
23748,development
23749,test
23750,development
23751,development
23752,development
23753,development
23754,development
23755,development
23756,test
23757,test
23758,test
23759,development
23760,development
23761,development
23762,development
23763,development
23764,development
23765,development
23766,test
23767,development
23768,development
23769,development
23770,test
23771,development
23772,test
23773,development
23774,development
23775,development
23776,development
23777,development
23778,test
23779,development
23780,test
23781,development
23782,development
23783,test
23784,development
23785,development
23786,development
23787,development
23788,development
23789,development
23790,test
23791,development
23792,development
23793,development
23794,test
23795,development
23796,development
23797,development
23798,development
23799,development
23800,development
23801,development
23802,development
23803,development
23804,development
23805,development
23806,development
23807,development
23808,development
23809,test
23810,development
23811,development
23812,development
23813,development
23814,development
23815,development
23816,development
23817,test
23818,test
23819,test
23820,development
23821,development
23822,development
23823,development
23824,development
23825,development
23826,development
23827,development
23828,development
23829,development
23830,development
23831,development
23832,development
23833,development
23834,development
23835,development
23836,development
23837,development
23838,development
23839,development
23840,test
23841,development
23842,development
23843,test
23844,development
23845,development
23846,development
23847,development
23848,development
23849,development
23850,test
23851,development
23852,development
23853,development
23854,development
23855,development
23856,test
23857,test
23858,development
23859,development
23860,development
23861,development
23862,development
23863,development
23864,development
23865,development
23866,development
23867,development
23868,development
23869,development
23870,development
23871,test
23872,test
23873,development
23874,development
23875,test
23876,development
23877,development
23878,development
23879,development
23880,development
23881,development
23882,development
23883,development
23884,development
23885,development
23886,development
23887,test
23888,test
23889,development
23890,development
23891,development
23892,development
23893,development
23894,development
23895,development
23896,development
23897,development
23898,development
23899,test
23900,test
23901,development
23902,test
23903,development
23904,development
23905,development
23906,development
23907,test
23908,development
23909,development
23910,development
23911,development
23912,development
23913,development
23914,development
23915,development
23916,test
23917,test
23918,development
23919,development
23920,development
23921,development
23922,test
23923,development
23924,development
23925,test
23926,test
23927,development
23928,development
23929,development
23930,development
23931,test
23932,test
23933,development
23934,development
23935,test
23936,test
23937,development
23938,development
23939,development
23940,development
23941,development
23942,test
23943,development
23944,development
23945,test
23946,development
23947,development
23948,development
23949,development
23950,development
23951,development
23952,development
23953,development
23954,development
23955,development
23956,development
23957,development
23958,test
23959,development
23960,development
23961,test
23962,development
23963,test
23964,development
23965,test
23966,development
23967,development
23968,development
23969,development
23970,development
23971,development
23972,development
23973,development
23974,test
23975,test
23976,development
23977,development
23978,development
23979,development
23980,development
23981,development
23982,test
23983,development
23984,development
23985,test
23986,test
23987,test
23988,development
23989,test
23990,development
23991,development
23992,development
23993,development
23994,development
23995,test
23996,test
23997,development
23998,development
23999,development
24000,development
24001,test
24002,test
24003,development
24004,development
24005,development
24006,development
24007,development
24008,development
24009,test
24010,test
24011,development
24012,development
24013,development
24014,development
24015,development
24016,development
24017,development
24018,development
24019,development
24020,test
24021,development
24022,test
24023,development
24024,test
24025,development
24026,development
24027,development
24028,development
24029,test
24030,test
24031,test
24032,development
24033,development
24034,development
24035,development
24036,development
24037,test
24038,development
24039,development
24040,development
24041,development
24042,development
24043,development
24044,development
24045,development
24046,development
24047,test
24048,development
24049,test
24050,development
24051,development
24052,development
24053,development
24054,test
24055,development
24056,development
24057,development
24058,development
24059,development
24060,development
24061,test
24062,development
24063,development
24064,test
24065,development
24066,test
24067,development
24068,development
24069,test
24070,test
24071,development
24072,development
24073,development
24074,development
24075,development
24076,development
24077,development
24078,development
24079,test
24080,development
24081,development
24082,development
24083,development
24084,development
24085,development
24086,development
24087,development
24088,development
24089,development
24090,test
24091,development
24092,development
24093,development
24094,test
24095,test
24096,test
24097,development
24098,test
24099,development
24100,development
24101,development
24102,development
24103,development
24104,development
24105,development
24106,development
24107,development
24108,development
24109,test
24110,development
24111,development
24112,test
24113,development
24114,test
24115,development
24116,development
24117,test
24118,test
24119,test
24120,development
24121,development
24122,development
24123,development
24124,development
24125,development
24126,development
24127,development
24128,test
24129,development
24130,development
24131,development
24132,development
24133,test
24134,development
24135,development
24136,development
24137,development
24138,development
24139,development
24140,development
24141,development
24142,development
24143,test
24144,development
24145,development
24146,development
24147,development
24148,development
24149,development
24150,development
24151,development
24152,test
24153,development
24154,development
24155,development
24156,test
24157,development
24158,test
24159,development
24160,development
24161,development
24162,test
24163,development
24164,development
24165,development
24166,development
24167,development
24168,development
24169,development
24170,development
24171,development
24172,development
24173,development
24174,test
24175,development
24176,development
24177,development
24178,test
24179,test
24180,development
24181,development
24182,development
24183,development
24184,development
24185,development
24186,development
24187,development
24188,test
24189,development
24190,development
24191,test
24192,development
24193,development
24194,development
24195,development
24196,development
24197,development
24198,development
24199,development
24200,development
24201,development
24202,development
24203,test
24204,development
24205,development
24206,development
24207,development
24208,development
24209,test
24210,development
24211,development
24212,test
24213,development
24214,development
24215,development
24216,development
24217,development
24218,development
24219,development
24220,development
24221,development
24222,test
24223,development
24224,development
24225,development
24226,test
24227,development
24228,development
24229,development
24230,development
24231,development
24232,test
24233,test
24234,test
24235,development
24236,test
24237,test
24238,development
24239,development
24240,development
24241,development
24242,development
24243,test
24244,development
24245,development
24246,development
24247,development
24248,development
24249,development
24250,test
24251,development
24252,development
24253,development
24254,development
24255,development
24256,development
24257,development
24258,development
24259,test
24260,test
24261,development
24262,development
24263,development
24264,development
24265,development
24266,development
24267,development
24268,development
24269,test
24270,development
24271,development
24272,test
24273,development
24274,development
24275,development
24276,development
24277,development
24278,development
24279,development
24280,test
24281,development
24282,development
24283,test
24284,test
24285,test
24286,development
24287,development
24288,test
24289,development
24290,development
24291,test
24292,development
24293,test
24294,development
24295,development
24296,test
24297,development
24298,development
24299,development
24300,development
24301,development
24302,development
24303,test
24304,development
24305,development
24306,development
24307,test
24308,development
24309,development
24310,development
24311,development
24312,development
24313,development
24314,development
24315,test
24316,development
24317,development
24318,test
24319,development
24320,development
24321,development
24322,development
24323,test
24324,development
24325,development
24326,development
24327,development
24328,development
24329,development
24330,development
24331,development
24332,development
24333,test
24334,development
24335,test
24336,test
24337,development
24338,test
24339,development
24340,development
24341,development
24342,development
24343,development
24344,development
24345,development
24346,development
24347,development
24348,development
24349,development
24350,test
24351,development
24352,test
24353,development
24354,development
24355,development
24356,development
24357,development
24358,test
24359,test
24360,test
24361,development
24362,development
24363,development
24364,development
24365,test
24366,development
24367,test
24368,development
24369,test
24370,development
24371,development
24372,development
24373,development
24374,development
24375,development
24376,development
24377,test
24378,development
24379,development
24380,development
24381,development
24382,development
24383,development
24384,development
24385,development
24386,development
24387,development
24388,development
24389,test
24390,test
24391,development
24392,development
24393,development
24394,development
24395,development
24396,development
24397,development
24398,development
24399,test
24400,development
24401,development
24402,development
24403,development
24404,test
24405,development
24406,development
24407,development
24408,development
24409,development
24410,development
24411,development
24412,development
24413,development
24414,development
24415,development
24416,development
24417,development
24418,development
24419,development
24420,development
24421,development
24422,development
24423,test
24424,test
24425,test
24426,test
24427,development
24428,development
24429,development
24430,development
24431,development
24432,development
24433,test
24434,development
24435,development
24436,development
24437,test
24438,development
24439,development
24440,development
24441,test
24442,test
24443,development
24444,development
24445,development
24446,development
24447,development
24448,development
24449,development
24450,development
24451,development
24452,development
24453,test
24454,development
24455,development
24456,test
24457,test
24458,development
24459,test
24460,development
24461,development
24462,development
24463,development
24464,development
24465,development
24466,development
24467,development
24468,development
24469,development
24470,test
24471,development
24472,development
24473,development
24474,development
24475,development
24476,development
24477,development
24478,development
24479,development
24480,test
24481,development
24482,development
24483,development
24484,test
24485,test
24486,development
24487,development
24488,development
24489,development
24490,development
24491,development
24492,development
24493,development
24494,test
24495,development
24496,development
24497,test
24498,development
24499,development
24500,test
24501,development
24502,test
24503,development
24504,test
24505,development
24506,development
24507,development
24508,test
24509,test
24510,test
24511,test
24512,development
24513,test
24514,development
24515,test
24516,development
24517,test
24518,development
24519,development
24520,development
24521,development
24522,development
24523,development
24524,development
24525,development
24526,development
24527,development
24528,test
24529,development
24530,test
24531,development
24532,test
24533,test
24534,development
24535,test
24536,development
24537,development
24538,development
24539,development
24540,development
24541,development
24542,test
24543,test
24544,development
24545,development
24546,test
24547,development
24548,development
24549,test
24550,development
24551,development
24552,development
24553,development
24554,development
24555,development
24556,development
24557,test
24558,development
24559,test
24560,development
24561,development
24562,test
24563,test
24564,development
24565,development
24566,development
24567,development
24568,development
24569,development
24570,development
24571,test
24572,development
24573,development
24574,development
24575,development
24576,development
24577,development
24578,development
24579,test
24580,development
24581,test
24582,development
24583,development
24584,development
24585,development
24586,test
24587,development
24588,development
24589,development
24590,test
24591,development
24592,development
24593,test
24594,development
24595,development
24596,development
24597,test
24598,development
24599,development
24600,development
24601,development
24602,development
24603,development
24604,development
24605,development
24606,development
24607,development
24608,development
24609,development
24610,development
24611,development
24612,development
24613,test
24614,development
24615,development
24616,development
24617,development
24618,test
24619,development
24620,development
24621,development
24622,test
24623,development
24624,development
24625,development
24626,development
24627,development
24628,development
24629,development
24630,development
24631,development
24632,development
24633,development
24634,development
24635,development
24636,development
24637,test
24638,development
24639,development
24640,test
24641,development
24642,development
24643,development
24644,development
24645,test
24646,development
24647,test
24648,development
24649,development
24650,test
24651,development
24652,development
24653,test
24654,development
24655,development
24656,development
24657,test
24658,development
24659,development
24660,development
24661,development
24662,test
24663,test
24664,development
24665,development
24666,development
24667,test
24668,development
24669,development
24670,development
24671,test
24672,test
24673,development
24674,development
24675,development
24676,development
24677,development
24678,test
24679,development
24680,development
24681,development
24682,development
24683,development
24684,development
24685,development
24686,development
24687,development
24688,development
24689,development
24690,development
24691,development
24692,development
24693,development
24694,test
24695,development
24696,development
24697,development
24698,development
24699,development
24700,development
24701,development
24702,development
24703,development
24704,test
24705,development
24706,development
24707,development
24708,test
24709,test
24710,development
24711,test
24712,development
24713,test
24714,development
24715,test
24716,test
24717,development
24718,development
24719,development
24720,development
24721,development
24722,development
24723,development
24724,development
24725,development
24726,development
24727,development
24728,development
24729,development
24730,test
24731,development
24732,development
24733,development
24734,test
24735,test
24736,development
24737,development
24738,development
24739,test
24740,development
24741,test
24742,development
24743,development
24744,development
24745,test
24746,development
24747,development
24748,test
24749,development
24750,development
24751,development
24752,development
24753,development
24754,development
24755,test
24756,development
24757,development
24758,test
24759,development
24760,development
24761,test
24762,development
24763,development
24764,development
24765,development
24766,test
24767,development
24768,development
24769,development
24770,development
24771,development
24772,test
24773,test
24774,development
24775,development
24776,development
24777,test
24778,development
24779,development
24780,development
24781,test
24782,development
24783,development
24784,development
24785,development
24786,development
24787,development
24788,test
24789,development
24790,development
24791,development
24792,development
24793,development
24794,development
24795,test
24796,test
24797,development
24798,development
24799,test
24800,development
24801,development
24802,development
24803,development
24804,development
24805,test
24806,development
24807,development
24808,development
24809,development
24810,development
24811,development
24812,development
24813,development
24814,development
24815,test
24816,development
24817,development
24818,development
24819,test
24820,development
24821,development
24822,test
24823,development
24824,development
24825,test
24826,development
24827,development
24828,development
24829,test
24830,test
24831,test
24832,test
24833,development
24834,test
24835,test
24836,development
24837,development
24838,development
24839,test
24840,development
24841,development
24842,test
24843,development
24844,development
24845,test
24846,development
24847,development
24848,development
24849,development
24850,development
24851,development
24852,test
24853,development
24854,development
24855,test
24856,development
24857,development
24858,development
24859,development
24860,development
24861,test
24862,development
24863,development
24864,development
24865,development
24866,development
24867,development
24868,development
24869,development
24870,development
24871,development
24872,development
24873,test
24874,development
24875,development
24876,development
24877,development
24878,development
24879,development
24880,development
24881,development
24882,development
24883,development
24884,development
24885,development
24886,development
24887,development
24888,development
24889,development
24890,development
24891,development
24892,development
24893,development
24894,development
24895,development
24896,development
24897,development
24898,development
24899,development
24900,development
24901,development
24902,development
24903,development
24904,development
24905,development
24906,development
24907,development
24908,development
24909,development
24910,development
24911,development
24912,test
24913,development
24914,development
24915,development
24916,test
24917,development
24918,development
24919,development
24920,development
24921,development
24922,development
24923,test
24924,development
24925,test
24926,development
24927,development
24928,development
24929,development
24930,development
24931,development
24932,development
24933,development
24934,development
24935,development
24936,development
24937,development
24938,development
24939,development
24940,development
24941,development
24942,development
24943,development
24944,development
24945,test
24946,development
24947,development
24948,test
24949,development
24950,development
24951,development
24952,development
24953,development
24954,test
24955,development
24956,development
24957,development
24958,development
24959,development
24960,development
24961,development
24962,development
24963,development
24964,test
24965,development
24966,development
24967,development
24968,development
24969,development
24970,development
24971,development
24972,development
24973,development
24974,development
24975,development
24976,development
24977,development
24978,test
24979,development
24980,development
24981,development
24982,development
24983,development
24984,test
24985,development
24986,development
24987,test
24988,development
24989,test
24990,development
24991,test
24992,development
24993,development
24994,development
24995,development
24996,development
24997,development
24998,test
24999,development
25000,development
25001,development
25002,development
25003,development
25004,development
25005,development
25006,development
25007,test
25008,development
25009,development
25010,development
25011,development
25012,test
25013,test
25014,development
25015,development
25016,development
25017,test
25018,development
25019,development
25020,development
25021,development
25022,test
25023,development
25024,development
25025,development
25026,development
25027,development
25028,test
25029,development
25030,test
25031,development
25032,development
25033,development
25034,development
25035,development
25036,development
25037,development
25038,development
25039,development
25040,development
25041,development
25042,development
25043,development
25044,development
25045,development
25046,development
25047,test
25048,development
25049,development
25050,test
25051,development
25052,test
25053,development
25054,development
25055,development
25056,development
25057,development
25058,development
25059,development
25060,development
25061,development
25062,development
25063,test
25064,development
25065,development
25066,development
25067,test
25068,development
25069,development
25070,development
25071,development
25072,test
25073,development
25074,development
25075,test
25076,development
25077,development
25078,development
25079,development
25080,development
25081,development
25082,test
25083,development
25084,test
25085,development
25086,development
25087,development
25088,development
25089,development
25090,development
25091,development
25092,development
25093,development
25094,development
25095,test
25096,development
25097,development
25098,development
25099,development
25100,development
25101,test
25102,test
25103,development
25104,test
25105,development
25106,test
25107,development
25108,development
25109,test
25110,development
25111,test
25112,development
25113,development
25114,development
25115,development
25116,development
25117,test
25118,development
25119,development
25120,development
25121,development
25122,development
25123,development
25124,test
25125,test
25126,test
25127,development
25128,test
25129,development
25130,test
25131,development
25132,development
25133,development
25134,development
25135,development
25136,development
25137,development
25138,development
25139,test
25140,development
25141,development
25142,development
25143,development
25144,development
25145,development
25146,development
25147,development
25148,test
25149,development
25150,development
25151,test
25152,development
25153,development
25154,development
25155,development
25156,development
25157,development
25158,development
25159,test
25160,development
25161,development
25162,test
25163,development
25164,development
25165,development
25166,test
25167,development
25168,development
25169,test
25170,development
25171,development
25172,development
25173,development
25174,development
25175,development
25176,development
25177,development
25178,development
25179,development
25180,development
25181,development
25182,test
25183,development
25184,development
25185,development
25186,development
25187,development
25188,development
25189,development
25190,development
25191,development
25192,development
25193,development
25194,test
25195,development
25196,development
25197,test
25198,test
25199,development
25200,development
25201,development
25202,development
25203,test
25204,test
25205,development
25206,development
25207,development
25208,development
25209,test
25210,development
25211,development
25212,test
25213,development
25214,development
25215,development
25216,development
25217,development
25218,development
25219,development
25220,development
25221,development
25222,development
25223,test
25224,development
25225,development
25226,test
25227,development
25228,development
25229,development
25230,development
25231,development
25232,test
25233,development
25234,development
25235,development
25236,development
25237,test
25238,development
25239,development
25240,development
25241,development
25242,development
25243,development
25244,development
25245,test
25246,development
25247,development
25248,development
25249,development
25250,development
25251,development
25252,development
25253,test
25254,development
25255,development
25256,development
25257,development
25258,test
25259,development
25260,development
25261,development
25262,test
25263,development
25264,development
25265,development
25266,development
25267,test
25268,development
25269,development
25270,development
25271,test
25272,development
25273,development
25274,development
25275,development
25276,development
25277,development
25278,development
25279,development
25280,development
25281,development
25282,development
25283,development
25284,development
25285,development
25286,development
25287,development
25288,development
25289,development
25290,development
25291,development
25292,development
25293,development
25294,development
25295,development
25296,development
25297,development
25298,test
25299,test
25300,development
25301,development
25302,development
25303,development
25304,development
25305,development
25306,development
25307,development
25308,development
25309,development
25310,development
25311,development
25312,development
25313,development
25314,development
25315,development
25316,development
25317,development
25318,development
25319,development
25320,development
25321,development
25322,development
25323,development
25324,development
25325,development
25326,development
25327,development
25328,test
25329,development
25330,development
25331,development
25332,development
25333,development
25334,development
25335,development
25336,development
25337,development
25338,development
25339,test
25340,development
25341,test
25342,test
25343,test
25344,development
25345,development
25346,development
25347,development
25348,development
25349,development
25350,development
25351,development
25352,development
25353,development
25354,development
25355,development
25356,development
25357,development
25358,development
25359,development
25360,test
25361,test
25362,development
25363,development
25364,development
25365,development
25366,test
25367,development
25368,development
25369,test
25370,development
25371,test
25372,development
25373,development
25374,test
25375,development
25376,development
25377,development
25378,test
25379,test
25380,development
25381,development
25382,development
25383,development
25384,test
25385,development
25386,development
25387,development
25388,development
25389,development
25390,development
25391,development
25392,development
25393,test
25394,test
25395,development
25396,development
25397,development
25398,development
25399,development
25400,development
25401,development
25402,development
25403,development
25404,test
25405,development
25406,development
25407,test
25408,test
25409,development
25410,development
25411,development
25412,development
25413,development
25414,development
25415,development
25416,development
25417,development
25418,development
25419,development
25420,development
25421,test
25422,test
25423,development
25424,development
25425,development
25426,development
25427,development
25428,development
25429,test
25430,development
25431,development
25432,development
25433,development
25434,development
25435,test
25436,development
25437,test
25438,development
25439,test
25440,development
25441,development
25442,development
25443,development
25444,development
25445,development
25446,development
25447,development
25448,development
25449,development
25450,test
25451,development
25452,development
25453,development
25454,development
25455,test
25456,test
25457,development
25458,development
25459,test
25460,development
25461,test
25462,test
25463,development
25464,development
25465,test
25466,development
25467,development
25468,development
25469,test
25470,test
25471,development
25472,development
25473,development
25474,development
25475,development
25476,development
25477,development
25478,development
25479,test
25480,development
25481,development
25482,development
25483,development
25484,development
25485,test
25486,development
25487,test
25488,development
25489,development
25490,development
25491,development
25492,development
25493,development
25494,development
25495,development
25496,development
25497,development
25498,development
25499,development
25500,development
25501,development
25502,development
25503,development
25504,development
25505,development
25506,development
25507,development
25508,development
25509,development
25510,development
25511,development
25512,development
25513,development
25514,development
25515,test
25516,development
25517,test
25518,development
25519,development
25520,development
25521,development
25522,development
25523,development
25524,development
25525,test
25526,development
25527,development
25528,test
25529,test
25530,development
25531,development
25532,development
25533,development
25534,development
25535,development
25536,test
25537,development
25538,development
25539,development
25540,development
25541,test
25542,development
25543,development
25544,development
25545,development
25546,test
25547,test
25548,development
25549,development
25550,development
25551,test
25552,development
25553,development
25554,development
25555,development
25556,test
25557,development
25558,test
25559,development
25560,test
25561,development
25562,development
25563,test
25564,development
25565,development
25566,development
25567,development
25568,development
25569,development
25570,development
25571,development
25572,development
25573,test
25574,development
25575,development
25576,development
25577,development
25578,development
25579,development
25580,development
25581,development
25582,development
25583,development
25584,development
25585,development
25586,development
25587,development
25588,development
25589,development
25590,test
25591,development
25592,test
25593,development
25594,development
25595,development
25596,development
25597,development
25598,development
25599,development
25600,test
25601,development
25602,test
25603,development
25604,development
25605,development
25606,development
25607,development
25608,development
25609,development
25610,development
25611,development
25612,development
25613,development
25614,development
25615,test
25616,development
25617,development
25618,development
25619,test
25620,development
25621,development
25622,development
25623,development
25624,development
25625,development
25626,test
25627,development
25628,development
25629,development
25630,development
25631,test
25632,development
25633,test
25634,development
25635,test
25636,development
25637,development
25638,development
25639,test
25640,development
25641,development
25642,development
25643,development
25644,development
25645,development
25646,development
25647,development
25648,development
25649,development
25650,development
25651,development
25652,development
25653,development
25654,test
25655,test
25656,test
25657,development
25658,development
25659,development
25660,development
25661,development
25662,development
25663,development
25664,development
25665,development
25666,development
25667,development
25668,development
25669,test
25670,development
25671,test
25672,development
25673,test
25674,development
25675,development
25676,development
25677,test
25678,test
25679,test
25680,development
25681,development
25682,development
25683,test
25684,development
25685,development
25686,development
25687,test
25688,development
25689,development
25690,development
25691,development
25692,development
25693,development
25694,development
25695,development
25696,development
25697,test
25698,development
25699,development
25700,development
25701,development
25702,development
25703,test
25704,test
25705,development
25706,development
25707,development
25708,development
25709,development
25710,test
25711,development
25712,development
25713,development
25714,test
25715,development
25716,development
25717,test
25718,development
25719,development
25720,development
25721,development
25722,test
25723,test
25724,development
25725,development
25726,development
25727,test
25728,development
25729,development
25730,development
25731,development
25732,development
25733,development
25734,development
25735,development
25736,development
25737,test
25738,test
25739,development
25740,development
25741,development
25742,development
25743,test
25744,development
25745,development
25746,development
25747,development
25748,development
25749,development
25750,development
25751,development
25752,development
25753,test
25754,development
25755,development
25756,development
25757,development
25758,development
25759,development
25760,development
25761,development
25762,development
25763,development
25764,development
25765,development
25766,test
25767,development
25768,development
25769,development
25770,development
25771,test
25772,development
25773,development
25774,development
25775,development
25776,test
25777,development
25778,development
25779,development
25780,development
25781,development
25782,development
25783,development
25784,development
25785,development
25786,development
25787,test
25788,development
25789,development
25790,development
25791,development
25792,development
25793,development
25794,development
25795,development
25796,development
25797,development
25798,development
25799,development
25800,development
25801,development
25802,development
25803,development
25804,development
25805,test
25806,development
25807,test
25808,development
25809,development
25810,test
25811,development
25812,development
25813,development
25814,development
25815,development
25816,development
25817,test
25818,development
25819,development
25820,development
25821,development
25822,test
25823,development
25824,test
25825,development
25826,development
25827,test
25828,development
25829,development
25830,development
25831,development
25832,development
25833,test
25834,development
25835,test
25836,development
25837,development
25838,development
25839,development
25840,development
25841,development
25842,development
25843,development
25844,development
25845,development
25846,development
25847,test
25848,development
25849,development
25850,development
25851,development
25852,development
25853,development
25854,test
25855,development
25856,development
25857,development
25858,development
25859,test
25860,test
25861,development
25862,development
25863,development
25864,development
25865,development
25866,test
25867,development
25868,test
25869,test
25870,development
25871,development
25872,development
25873,development
25874,development
25875,development
25876,development
25877,development
25878,development
25879,development
25880,development
25881,test
25882,development
25883,development
25884,test
25885,development
25886,test
25887,development
25888,test
25889,development
25890,development
25891,development
25892,development
25893,test
25894,development
25895,development
25896,development
25897,development
25898,development
25899,development
25900,test
25901,test
25902,development
25903,development
25904,development
25905,development
25906,development
25907,test
25908,development
25909,test
25910,development
25911,development
25912,development
25913,development
25914,development
25915,development
25916,development
25917,test
25918,development
25919,development
25920,development
25921,development
25922,development
25923,development
25924,test
25925,development
25926,development
25927,test
25928,development
25929,development
25930,development
25931,development
25932,development
25933,development
25934,development
25935,development
25936,development
25937,development
25938,development
25939,development
25940,test
25941,development
25942,development
25943,development
25944,development
25945,development
25946,development
25947,development
25948,development
25949,development
25950,development
25951,development
25952,development
25953,test
25954,test
25955,test
25956,development
25957,development
25958,development
25959,development
25960,development
25961,development
25962,development
25963,development
25964,test
25965,development
25966,test
25967,test
25968,development
25969,test
25970,development
25971,development
25972,development
25973,development
25974,test
25975,development
25976,development
25977,development
25978,development
25979,development
25980,test
25981,development
25982,development
25983,development
25984,test
25985,development
25986,development
25987,development
25988,development
25989,development
25990,development
25991,development
25992,development
25993,development
25994,development
25995,development
25996,development
25997,development
25998,development
25999,development
26000,development
26001,test
26002,development
26003,development
26004,development
26005,development
26006,development
26007,development
26008,development
26009,development
26010,development
26011,development
26012,test
26013,development
26014,development
26015,development
26016,development
26017,development
26018,development
26019,development
26020,development
26021,test
26022,development
26023,development
26024,development
26025,development
26026,development
26027,development
26028,development
26029,development
26030,development
26031,development
26032,test
26033,development
26034,development
26035,test
26036,development
26037,development
26038,development
26039,test
26040,development
26041,development
26042,development
26043,development
26044,development
26045,development
26046,development
26047,development
26048,development
26049,development
26050,test
26051,development
26052,development
26053,test
26054,development
26055,development
26056,development
26057,test
26058,development
26059,test
26060,development
26061,development
26062,development
26063,development
26064,development
26065,development
26066,development
26067,development
26068,development
26069,development
26070,development
26071,development
26072,development
26073,development
26074,development
26075,development
26076,development
26077,test
26078,test
26079,development
26080,development
26081,test
26082,development
26083,development
26084,development
26085,development
26086,development
26087,test
26088,development
26089,development
26090,development
26091,test
26092,development
26093,development
26094,development
26095,development
26096,development
26097,test
26098,test
26099,test
26100,development
26101,development
26102,development
26103,development
26104,development
26105,development
26106,development
26107,test
26108,development
26109,development
26110,development
26111,test
26112,development
26113,development
26114,development
26115,development
26116,development
26117,test
26118,development
26119,test
26120,development
26121,development
26122,test
26123,development
26124,development
26125,development
26126,development
26127,development
26128,development
26129,development
26130,development
26131,development
26132,test
26133,development
26134,development
26135,development
26136,development
26137,development
26138,test
26139,development
26140,development
26141,development
26142,development
26143,development
26144,development
26145,development
26146,development
26147,development
26148,test
26149,development
26150,development
26151,test
26152,development
26153,test
26154,development
26155,development
26156,development
26157,development
26158,development
26159,development
26160,development
26161,test
26162,development
26163,test
26164,development
26165,development
26166,development
26167,development
26168,development
26169,test
26170,development
26171,test
26172,development
26173,test
26174,development
26175,development
26176,development
26177,development
26178,development
26179,development
26180,test
26181,development
26182,development
26183,test
26184,development
26185,development
26186,test
26187,test
26188,development
26189,development
26190,development
26191,test
26192,development
26193,development
26194,development
26195,test
26196,development
26197,development
26198,development
26199,development
26200,test
26201,development
26202,test
26203,development
26204,development
26205,test
26206,development
26207,development
26208,development
26209,development
26210,development
26211,test
26212,development
26213,development
26214,test
26215,development
26216,development
26217,development
26218,development
26219,development
26220,test
26221,development
26222,development
26223,development
26224,development
26225,development
26226,test
26227,development
26228,development
26229,development
26230,development
26231,development
26232,test
26233,test
26234,development
26235,development
26236,development
26237,development
26238,development
26239,development
26240,development
26241,development
26242,development
26243,development
26244,development
26245,development
26246,development
26247,development
26248,development
26249,development
26250,development
26251,development
26252,test
26253,development
26254,development
26255,development
26256,development
26257,development
26258,test
26259,test
26260,test
26261,development
26262,development
26263,development
26264,development
26265,development
26266,test
26267,development
26268,development
26269,development
26270,development
26271,test
26272,development
26273,development
26274,test
26275,development
26276,development
26277,development
26278,development
26279,development
26280,development
26281,test
26282,development
26283,test
26284,development
26285,development
26286,development
26287,development
26288,development
26289,development
26290,development
26291,development
26292,development
26293,test
26294,development
26295,development
26296,development
26297,development
26298,development
26299,development
26300,development
26301,development
26302,development
26303,development
26304,development
26305,development
26306,development
26307,development
26308,development
26309,development
26310,development
26311,test
26312,development
26313,development
26314,development
26315,development
26316,development
26317,development
26318,development
26319,development
26320,development
26321,test
26322,development
26323,development
26324,development
26325,development
26326,test
26327,development
26328,development
26329,development
26330,development
26331,development
26332,development
26333,test
26334,development
26335,development
26336,development
26337,development
26338,development
26339,development
26340,test
26341,test
26342,development
26343,test
26344,development
26345,development
26346,development
26347,development
26348,test
26349,development
26350,development
26351,development
26352,development
26353,development
26354,test
26355,development
26356,development
26357,development
26358,development
26359,development
26360,development
26361,development
26362,development
26363,development
26364,development
26365,development
26366,development
26367,test
26368,development
26369,development
26370,development
26371,development
26372,development
26373,development
26374,development
26375,development
26376,test
26377,development
26378,development
26379,development
26380,test
26381,development
26382,test
26383,development
26384,development
26385,development
26386,development
26387,development
26388,test
26389,development
26390,test
26391,development
26392,test
26393,test
26394,development
26395,development
26396,development
26397,development
26398,development
26399,development
26400,test
26401,development
26402,development
26403,development
26404,development
26405,test
26406,development
26407,development
26408,development
26409,development
26410,development
26411,development
26412,test
26413,test
26414,development
26415,development
26416,development
26417,development
26418,development
26419,development
26420,test
26421,development
26422,test
26423,development
26424,development
26425,development
26426,development
26427,development
26428,development
26429,development
26430,development
26431,development
26432,development
26433,test
26434,test
26435,development
26436,development
26437,development
26438,development
26439,development
26440,development
26441,development
26442,development
26443,development
26444,development
26445,development
26446,development
26447,development
26448,development
26449,development
26450,development
26451,development
26452,development
26453,development
26454,development
26455,development
26456,development
26457,development
26458,development
26459,development
26460,development
26461,development
26462,development
26463,development
26464,development
26465,development
26466,test
26467,development
26468,development
26469,development
26470,development
26471,development
26472,development
26473,development
26474,development
26475,test
26476,test
26477,test
26478,test
26479,test
26480,development
26481,development
26482,development
26483,development
26484,development
26485,development
26486,development
26487,development
26488,test
26489,development
26490,development
26491,development
26492,development
26493,development
26494,development
26495,development
26496,development
26497,test
26498,development
26499,development
26500,development
26501,development
26502,test
26503,development
26504,development
26505,development
26506,test
26507,development
26508,development
26509,development
26510,test
26511,development
26512,test
26513,development
26514,development
26515,test
26516,development
26517,development
26518,development
26519,development
26520,development
26521,development
26522,test
26523,development
26524,development
26525,development
26526,development
26527,development
26528,test
26529,development
26530,development
26531,test
26532,development
26533,test
26534,development
26535,test
26536,development
26537,development
26538,test
26539,development
26540,development
26541,test
26542,test
26543,development
26544,development
26545,development
26546,development
26547,development
26548,development
26549,development
26550,development
26551,test
26552,development
26553,development
26554,development
26555,development
26556,development
26557,development
26558,development
26559,development
26560,development
26561,development
26562,development
26563,development
26564,development
26565,development
26566,development
26567,development
26568,development
26569,development
26570,development
26571,test
26572,development
26573,development
26574,development
26575,development
26576,development
26577,development
26578,development
26579,development
26580,development
26581,development
26582,development
26583,development
26584,development
26585,development
26586,development
26587,development
26588,development
26589,development
26590,test
26591,development
26592,development
26593,development
26594,development
26595,test
26596,development
26597,test
26598,development
26599,development
26600,test
26601,development
26602,test
26603,development
26604,test
26605,development
26606,development
26607,development
26608,development
26609,development
26610,test
26611,development
26612,development
26613,development
26614,development
26615,test
26616,development
26617,development
26618,development
26619,development
26620,development
26621,development
26622,development
26623,test
26624,development
26625,development
26626,test
26627,development
26628,test
26629,development
26630,development
26631,development
26632,development
26633,development
26634,development
26635,development
26636,development
26637,development
26638,test
26639,development
26640,development
26641,development
26642,test
26643,development
26644,development
26645,test
26646,development
26647,development
26648,development
26649,development
26650,test
26651,development
26652,development
26653,development
26654,development
26655,development
26656,development
26657,development
26658,development
26659,development
26660,development
26661,development
26662,development
26663,development
26664,development
26665,development
26666,development
26667,test
26668,development
26669,development
26670,development
26671,test
26672,test
26673,test
26674,test
26675,development
26676,development
26677,development
26678,development
26679,development
26680,development
26681,test
26682,development
26683,development
26684,development
26685,development
26686,development
26687,test
26688,development
26689,development
26690,development
26691,test
26692,development
26693,development
26694,development
26695,development
26696,development
26697,test
26698,development
26699,test
26700,development
26701,development
26702,development
26703,test
26704,test
26705,development
26706,development
26707,development
26708,development
26709,development
26710,development
26711,development
26712,development
26713,development
26714,development
26715,development
26716,development
26717,development
26718,development
26719,development
26720,development
26721,development
26722,development
26723,test
26724,development
26725,development
26726,test
26727,test
26728,development
26729,development
26730,development
26731,test
26732,development
26733,test
26734,development
26735,development
26736,development
26737,development
26738,development
26739,development
26740,development
26741,development
26742,development
26743,development
26744,development
26745,development
26746,development
26747,development
26748,test
26749,test
26750,development
26751,test
26752,development
26753,development
26754,development
26755,development
26756,development
26757,development
26758,development
26759,development
26760,development
26761,development
26762,development
26763,development
26764,development
26765,development
26766,development
26767,development
26768,test
26769,development
26770,development
26771,development
26772,development
26773,test
26774,development
26775,development
26776,development
26777,development
26778,development
26779,development
26780,development
26781,development
26782,test
26783,development
26784,test
26785,development
26786,test
26787,development
26788,test
26789,development
26790,test
26791,development
26792,development
26793,development
26794,development
26795,development
26796,development
26797,development
26798,development
26799,development
26800,test
26801,development
26802,development
26803,development
26804,development
26805,test
26806,development
26807,test
26808,development
26809,development
26810,development
26811,development
26812,development
26813,test
26814,development
26815,development
26816,development
26817,development
26818,development
26819,development
26820,test
26821,development
26822,development
26823,development
26824,development
26825,development
26826,test
26827,development
26828,development
26829,development
26830,development
26831,development
26832,development
26833,test
26834,development
26835,development
26836,test
26837,test
26838,development
26839,development
26840,development
26841,development
26842,test
26843,test
26844,development
26845,development
26846,development
26847,development
26848,development
26849,test
26850,development
26851,development
26852,test
26853,test
26854,test
26855,development
26856,development
26857,development
26858,test
26859,development
26860,development
26861,test
26862,test
26863,test
26864,development
26865,development
26866,development
26867,development
26868,development
26869,test
26870,development
26871,development
26872,development
26873,development
26874,development
26875,development
26876,development
26877,development
26878,test
26879,development
26880,development
26881,development
26882,test
26883,development
26884,development
26885,development
26886,development
26887,development
26888,development
26889,development
26890,development
26891,development
26892,development
26893,development
26894,development
26895,test
26896,development
26897,development
26898,test
26899,development
26900,development
26901,development
26902,test
26903,test
26904,test
26905,test
26906,development
26907,development
26908,development
26909,development
26910,development
26911,test
26912,test
26913,test
26914,test
26915,development
26916,development
26917,development
26918,development
26919,development
26920,development
26921,development
26922,test
26923,development
26924,development
26925,development
26926,development
26927,development
26928,development
26929,development
26930,test
26931,test
26932,development
26933,test
26934,development
26935,development
26936,development
26937,development
26938,development
26939,development
26940,development
26941,development
26942,development
26943,development
26944,development
26945,test
26946,development
26947,development
26948,development
26949,development
26950,test
26951,development
26952,development
26953,development
26954,test
26955,development
26956,development
26957,development
26958,test
26959,development
26960,development
26961,development
26962,development
26963,development
26964,development
26965,test
26966,development
26967,development
26968,test
26969,test
26970,development
26971,test
26972,development
26973,test
26974,development
26975,development
26976,development
26977,test
26978,development
26979,development
26980,development
26981,development
26982,development
26983,development
26984,development
26985,development
26986,development
26987,test
26988,development
26989,test
26990,development
26991,development
26992,development
26993,development
26994,test
26995,development
26996,development
26997,development
26998,development
26999,development
27000,development
27001,development
27002,development
27003,test
27004,test
27005,development
27006,test
27007,development
27008,development
27009,development
27010,development
27011,development
27012,development
27013,development
27014,development
27015,test
27016,development
27017,development
27018,development
27019,development
27020,development
27021,development
27022,test
27023,development
27024,development
27025,test
27026,development
27027,development
27028,development
27029,development
27030,development
27031,development
27032,test
27033,development
27034,test
27035,test
27036,development
27037,development
27038,development
27039,development
27040,development
27041,development
27042,development
27043,development
27044,development
27045,development
27046,development
27047,development
27048,development
27049,test
27050,development
27051,development
27052,development
27053,development
27054,test
27055,development
27056,development
27057,development
27058,development
27059,development
27060,test
27061,test
27062,development
27063,test
27064,development
27065,development
27066,development
27067,development
27068,development
27069,test
27070,development
27071,development
27072,development
27073,development
27074,test
27075,development
27076,development
27077,development
27078,test
27079,development
27080,development
27081,test
27082,development
27083,development
27084,development
27085,test
27086,test
27087,development
27088,development
27089,development
27090,development
27091,development
27092,development
27093,development
27094,test
27095,development
27096,development
27097,test
27098,development
27099,test
27100,test
27101,development
27102,development
27103,development
27104,test
27105,development
27106,development
27107,development
27108,development
27109,test
27110,development
27111,test
27112,development
27113,development
27114,development
27115,development
27116,development
27117,test
27118,test
27119,development
27120,development
27121,development
27122,test
27123,development
27124,development
27125,test
27126,development
27127,development
27128,development
27129,development
27130,development
27131,development
27132,development
27133,development
27134,development
27135,test
27136,development
27137,development
27138,development
27139,development
27140,test
27141,development
27142,development
27143,test
27144,test
27145,development
27146,development
27147,development
27148,development
27149,test
27150,development
27151,development
27152,test
27153,development
27154,development
27155,test
27156,test
27157,test
27158,development
27159,development
27160,development
27161,development
27162,development
27163,test
27164,development
27165,development
27166,development
27167,development
27168,development
27169,development
27170,development
27171,development
27172,development
27173,development
27174,development
27175,development
27176,development
27177,development
27178,development
27179,development
27180,development
27181,test
27182,development
27183,test
27184,development
27185,test
27186,development
27187,development
27188,development
27189,development
27190,development
27191,development
27192,development
27193,development
27194,development
27195,development
27196,test
27197,development
27198,test
27199,development
27200,development
27201,development
27202,development
27203,development
27204,test
27205,development
27206,test
27207,development
27208,development
27209,development
27210,development
27211,development
27212,development
27213,development
27214,development
27215,development
27216,development
27217,test
27218,development
27219,development
27220,development
27221,development
27222,test
27223,development
27224,test
27225,development
27226,development
27227,test
27228,development
27229,test
27230,development
27231,development
27232,development
27233,development
27234,development
27235,development
27236,test
27237,test
27238,development
27239,development
27240,development
27241,development
27242,development
27243,development
27244,development
27245,test
27246,development
27247,test
27248,test
27249,development
27250,development
27251,development
27252,development
27253,test
27254,test
27255,development
27256,test
27257,development
27258,development
27259,development
27260,development
27261,test
27262,development
27263,development
27264,test
27265,development
27266,development
27267,development
27268,development
27269,test
27270,development
27271,test
27272,development
27273,test
27274,test
27275,development
27276,development
27277,development
27278,development
27279,test
27280,development
27281,development
27282,development
27283,development
27284,development
27285,development
27286,development
27287,development
27288,development
27289,development
27290,development
27291,test
27292,development
27293,development
27294,development
27295,test
27296,test
27297,test
27298,development
27299,test
27300,development
27301,development
27302,development
27303,test
27304,development
27305,test
27306,development
27307,development
27308,development
27309,test
27310,development
27311,development
27312,development
27313,test
27314,development
27315,test
27316,development
27317,development
27318,development
27319,development
27320,development
27321,test
27322,development
27323,development
27324,development
27325,development
27326,development
27327,development
27328,development
27329,development
27330,development
27331,test
27332,development
27333,development
27334,development
27335,test
27336,development
27337,development
27338,development
27339,development
27340,development
27341,development
27342,development
27343,development
27344,development
27345,development
27346,development
27347,development
27348,test
27349,development
27350,development
27351,development
27352,development
27353,development
27354,test
27355,development
27356,development
27357,development
27358,test
27359,development
27360,development
27361,development
27362,development
27363,development
27364,development
27365,development
27366,test
27367,development
27368,development
27369,development
27370,development
27371,development
27372,development
27373,test
27374,development
27375,development
27376,development
27377,development
27378,development
27379,test
27380,test
27381,development
27382,development
27383,test
27384,development
27385,test
27386,development
27387,development
27388,test
27389,development
27390,development
27391,development
27392,test
27393,development
27394,development
27395,development
27396,development
27397,development
27398,development
27399,development
27400,development
27401,development
27402,development
27403,development
27404,development
27405,development
27406,development
27407,test
27408,development
27409,development
27410,development
27411,development
27412,test
27413,development
27414,development
27415,test
27416,development
27417,development
27418,development
27419,development
27420,development
27421,development
27422,development
27423,test
27424,test
27425,development
27426,test
27427,development
27428,test
27429,test
27430,development
27431,test
27432,development
27433,test
27434,development
27435,development
27436,development
27437,development
27438,development
27439,development
27440,development
27441,development
27442,development
27443,development
27444,test
27445,test
27446,test
27447,development
27448,development
27449,test
27450,test
27451,development
27452,development
27453,development
27454,development
27455,development
27456,development
27457,development
27458,development
27459,development
27460,development
27461,development
27462,development
27463,development
27464,development
27465,development
27466,development
27467,development
27468,development
27469,test
27470,development
27471,development
27472,test
27473,development
27474,development
27475,development
27476,development
27477,development
27478,development
27479,development
27480,development
27481,development
27482,development
27483,development
27484,development
27485,development
27486,development
27487,development
27488,development
27489,development
27490,development
27491,development
27492,test
27493,development
27494,development
27495,development
27496,test
27497,development
27498,development
27499,development
27500,development
27501,development
27502,development
27503,development
27504,development
27505,development
27506,development
27507,development
27508,development
27509,test
27510,development
27511,development
27512,development
27513,development
27514,development
27515,development
27516,development
27517,development
27518,development
27519,test
27520,development
27521,development
27522,development
27523,development
27524,development
27525,development
27526,development
27527,test
27528,development
27529,development
27530,development
27531,test
27532,development
27533,development
27534,development
27535,development
27536,development
27537,development
27538,development
27539,test
27540,development
27541,development
27542,development
27543,development
27544,test
27545,development
27546,development
27547,development
27548,development
27549,development
27550,development
27551,development
27552,test
27553,development
27554,development
27555,development
27556,development
27557,development
27558,development
27559,development
27560,development
27561,development
27562,development
27563,development
27564,development
27565,test
27566,development
27567,test
27568,development
27569,development
27570,development
27571,development
27572,development
27573,development
27574,development
27575,development
27576,test
27577,development
27578,development
27579,development
27580,development
27581,development
27582,development
27583,test
27584,development
27585,development
27586,development
27587,development
27588,development
27589,test
27590,development
27591,development
27592,development
27593,development
27594,development
27595,test
27596,development
27597,test
27598,development
27599,development
27600,development
27601,development
27602,test
27603,test
27604,test
27605,development
27606,development
27607,development
27608,development
27609,test
27610,development
27611,development
27612,development
27613,test
27614,development
27615,development
27616,development
27617,development
27618,development
27619,development
27620,development
27621,development
27622,development
27623,test
27624,development
27625,test
27626,development
27627,development
27628,test
27629,development
27630,development
27631,development
27632,test
27633,development
27634,development
27635,development
27636,development
27637,development
27638,test
27639,development
27640,development
27641,test
27642,development
27643,development
27644,development
27645,development
27646,development
27647,test
27648,development
27649,test
27650,development
27651,development
27652,development
27653,development
27654,development
27655,development
27656,development
27657,test
27658,development
27659,development
27660,development
27661,development
27662,development
27663,development
27664,development
27665,development
27666,development
27667,development
27668,development
27669,development
27670,development
27671,test
27672,development
27673,test
27674,development
27675,test
27676,development
27677,development
27678,development
27679,development
27680,development
27681,development
27682,test
27683,development
27684,test
27685,development
27686,test
27687,development
27688,test
27689,development
27690,test
27691,development
27692,development
27693,development
27694,development
27695,development
27696,development
27697,test
27698,development
27699,development
27700,development
27701,development
27702,test
27703,development
27704,test
27705,development
27706,development
27707,development
27708,development
27709,development
27710,development
27711,development
27712,test
27713,development
27714,development
27715,test
27716,development
27717,development
27718,development
27719,test
27720,test
27721,development
27722,development
27723,development
27724,development
27725,development
27726,development
27727,development
27728,development
27729,development
27730,test
27731,development
27732,development
27733,test
27734,development
27735,development
27736,test
27737,development
27738,development
27739,development
27740,development
27741,development
27742,development
27743,test
27744,development
27745,development
27746,development
27747,development
27748,test
27749,development
27750,development
27751,test
27752,development
27753,development
27754,development
27755,development
27756,development
27757,development
27758,test
27759,test
27760,development
27761,development
27762,development
27763,development
27764,development
27765,test
27766,development
27767,development
27768,development
27769,development
27770,development
27771,development
27772,development
27773,development
27774,development
27775,development
27776,development
27777,test
27778,development
27779,development
27780,development
27781,development
27782,development
27783,development
27784,test
27785,development
27786,test
27787,test
27788,development
27789,development
27790,development
27791,development
27792,development
27793,test
27794,development
27795,test
27796,development
27797,development
27798,development
27799,development
27800,development
27801,development
27802,test
27803,development
27804,development
27805,development
27806,development
27807,development
27808,test
27809,development
27810,test
27811,development
27812,development
27813,development
27814,development
27815,development
27816,development
27817,development
27818,test
27819,development
27820,development
27821,development
27822,development
27823,development
27824,development
27825,development
27826,development
27827,development
27828,test
27829,development
27830,development
27831,development
27832,development
27833,development
27834,test
27835,development
27836,development
27837,development
27838,test
27839,development
27840,development
27841,development
27842,test
27843,test
27844,development
27845,development
27846,development
27847,development
27848,development
27849,development
27850,development
27851,test
27852,development
27853,development
27854,development
27855,development
27856,development
27857,development
27858,development
27859,development
27860,development
27861,development
27862,development
27863,development
27864,development
27865,development
27866,development
27867,development
27868,development
27869,development
27870,development
27871,test
27872,development
27873,development
27874,development
27875,test
27876,development
27877,development
27878,development
27879,test
27880,development
27881,development
27882,development
27883,development
27884,development
27885,development
27886,development
27887,development
27888,test
27889,development
27890,development
27891,development
27892,development
27893,development
27894,development
27895,development
27896,test
27897,test
27898,development
27899,test
27900,development
27901,test
27902,development
27903,development
27904,development
27905,development
27906,test
27907,development
27908,test
27909,development
27910,development
27911,development
27912,development
27913,development
27914,development
27915,development
27916,development
27917,development
27918,development
27919,development
27920,test
27921,development
27922,development
27923,development
27924,development
27925,development
27926,test
27927,test
27928,test
27929,development
27930,test
27931,test
27932,development
27933,development
27934,test
27935,development
27936,development
27937,development
27938,development
27939,test
27940,development
27941,test
27942,development
27943,development
27944,development
27945,development
27946,development
27947,test
27948,development
27949,test
27950,development
27951,development
27952,development
27953,development
27954,development
27955,development
27956,development
27957,development
27958,development
27959,development
27960,development
27961,development
27962,development
27963,development
27964,development
27965,development
27966,development
27967,development
27968,development
27969,development
27970,development
27971,development
27972,development
27973,test
27974,development
27975,development
27976,test
27977,development
27978,test
27979,development
27980,development
27981,development
27982,development
27983,development
27984,development
27985,development
27986,development
27987,development
27988,development
27989,development
27990,development
27991,test
27992,test
27993,development
27994,development
27995,development
27996,development
27997,test
27998,development
27999,development
28000,test
28001,test
28002,test
28003,development
28004,development
28005,test
28006,development
28007,test
28008,development
28009,development
28010,development
28011,development
28012,development
28013,development
28014,test
28015,test
28016,test
28017,development
28018,test
28019,development
28020,development
28021,test
28022,test
28023,development
28024,test
28025,development
28026,test
28027,development
28028,development
28029,development
28030,development
28031,development
28032,development
28033,development
28034,development
28035,development
28036,development
28037,development
28038,development
28039,test
28040,development
28041,development
28042,development
28043,test
28044,development
28045,development
28046,development
28047,development
28048,development
28049,test
28050,development
28051,development
28052,development
28053,development
28054,development
28055,test
28056,development
28057,development
28058,development
28059,development
28060,development
28061,development
28062,development
28063,development
28064,development
28065,development
28066,development
28067,development
28068,development
28069,development
28070,development
28071,development
28072,development
28073,test
28074,development
28075,development
28076,test
28077,development
28078,development
28079,development
28080,development
28081,development
28082,development
28083,development
28084,development
28085,test
28086,development
28087,development
28088,development
28089,development
28090,test
28091,development
28092,development
28093,development
28094,development
28095,development
28096,development
28097,development
28098,development
28099,development
28100,development
28101,development
28102,development
28103,development
28104,development
28105,development
28106,test
28107,development
28108,development
28109,development
28110,development
28111,development
28112,development
28113,development
28114,development
28115,development
28116,test
28117,development
28118,development
28119,development
28120,development
28121,development
28122,test
28123,development
28124,development
28125,development
28126,development
28127,development
28128,test
28129,development
28130,test
28131,test
28132,development
28133,development
28134,development
28135,development
28136,development
28137,development
28138,development
28139,test
28140,development
28141,development
28142,development
28143,development
28144,development
28145,development
28146,development
28147,test
28148,development
28149,development
28150,development
28151,development
28152,development
28153,test
28154,development
28155,development
28156,test
28157,development
28158,test
28159,test
28160,development
28161,test
28162,development
28163,development
28164,development
28165,development
28166,development
28167,development
28168,development
28169,development
28170,development
28171,test
28172,development
28173,development
28174,development
28175,test
28176,development
28177,development
28178,development
28179,development
28180,development
28181,development
28182,development
28183,test
28184,development
28185,test
28186,development
28187,development
28188,development
28189,development
28190,development
28191,development
28192,test
28193,development
28194,development
28195,test
28196,development
28197,development
28198,development
28199,test
28200,development
28201,development
28202,development
28203,development
28204,development
28205,development
28206,development
28207,development
28208,development
28209,development
28210,test
28211,development
28212,development
28213,development
28214,development
28215,development
28216,development
28217,development
28218,development
28219,development
28220,test
28221,test
28222,development
28223,development
28224,development
28225,development
28226,development
28227,development
28228,development
28229,development
28230,development
28231,development
28232,development
28233,development
28234,test
28235,development
28236,development
28237,development
28238,development
28239,development
28240,development
28241,development
28242,development
28243,development
28244,development
28245,development
28246,test
28247,development
28248,development
28249,development
28250,test
28251,development
28252,development
28253,development
28254,development
28255,development
28256,development
28257,development
28258,development
28259,development
28260,development
28261,development
28262,development
28263,development
28264,development
28265,test
28266,development
28267,test
28268,development
28269,development
28270,development
28271,test
28272,test
28273,development
28274,development
28275,development
28276,test
28277,test
28278,development
28279,development
28280,development
28281,development
28282,development
28283,development
28284,development
28285,development
28286,development
28287,development
28288,development
28289,test
28290,development
28291,development
28292,test
28293,development
28294,development
28295,development
28296,development
28297,development
28298,development
28299,development
28300,development
28301,development
28302,development
28303,development
28304,test
28305,development
28306,development
28307,development
28308,test
28309,development
28310,development
28311,development
28312,development
28313,development
28314,development
28315,development
28316,development
28317,development
28318,development
28319,development
28320,development
28321,development
28322,test
28323,development
28324,development
28325,development
28326,test
28327,test
28328,development
28329,development
28330,development
28331,development
28332,development
28333,development
28334,development
28335,development
28336,development
28337,development
28338,development
28339,development
28340,development
28341,development
28342,development
28343,test
28344,test
28345,development
28346,development
28347,development
28348,test
28349,development
28350,test
28351,development
28352,development
28353,test
28354,development
28355,test
28356,development
28357,development
28358,test
28359,test
28360,development
28361,development
28362,development
28363,development
28364,development
28365,development
28366,development
28367,development
28368,development
28369,development
28370,development
28371,development
28372,development
28373,development
28374,test
28375,development
28376,test
28377,test
28378,development
28379,test
28380,development
28381,development
28382,test
28383,development
28384,development
28385,development
28386,development
28387,development
28388,development
28389,development
28390,development
28391,development
28392,development
28393,development
28394,development
28395,development
28396,development
28397,test
28398,development
28399,test
28400,development
28401,test
28402,development
28403,development
28404,development
28405,development
28406,development
28407,test
28408,development
28409,development
28410,test
28411,development
28412,development
28413,development
28414,development
28415,development
28416,development
28417,development
28418,development
28419,development
28420,development
28421,test
28422,development
28423,development
28424,development
28425,development
28426,development
28427,test
28428,development
28429,development
28430,development
28431,development
28432,development
28433,test
28434,test
28435,development
28436,development
28437,development
28438,development
28439,development
28440,development
28441,test
28442,development
28443,development
28444,development
28445,development
28446,test
28447,development
28448,development
28449,development
28450,development
28451,test
28452,development
28453,development
28454,development
28455,test
28456,test
28457,test
28458,development
28459,development
28460,test
28461,test
28462,development
28463,development
28464,development
28465,development
28466,development
28467,development
28468,development
28469,test
28470,development
28471,development
28472,test
28473,development
28474,development
28475,test
28476,development
28477,test
28478,development
28479,test
28480,test
28481,development
28482,development
28483,development
28484,development
28485,development
28486,test
28487,test
28488,development
28489,development
28490,development
28491,test
28492,test
28493,development
28494,development
28495,development
28496,test
28497,test
28498,development
28499,development
28500,development
28501,test
28502,test
28503,development
28504,development
28505,development
28506,development
28507,development
28508,test
28509,test
28510,development
28511,development
28512,development
28513,development
28514,test
28515,development
28516,test
28517,development
28518,development
28519,development
28520,development
28521,development
28522,development
28523,development
28524,development
28525,development
28526,development
28527,development
28528,development
28529,test
28530,development
28531,development
28532,development
28533,development
28534,development
28535,development
28536,development
28537,development
28538,development
28539,test
28540,test
28541,test
28542,development
28543,development
28544,test
28545,development
28546,development
28547,test
28548,development
28549,development
28550,test
28551,test
28552,test
28553,test
28554,development
28555,development
28556,development
28557,development
28558,development
28559,development
28560,test
28561,development
28562,development
28563,development
28564,test
28565,development
28566,development
28567,development
28568,development
28569,development
28570,test
28571,development
28572,development
28573,development
28574,development
28575,development
28576,development
28577,development
28578,test
28579,development
28580,development
28581,development
28582,development
28583,test
28584,test
28585,development
28586,development
28587,development
28588,development
28589,development
28590,development
28591,development
28592,development
28593,test
28594,development
28595,development
28596,development
28597,test
28598,test
28599,development
28600,development
28601,development
28602,development
28603,development
28604,development
28605,development
28606,development
28607,development
28608,development
28609,development
28610,development
28611,test
28612,development
28613,development
28614,development
28615,development
28616,development
28617,development
28618,test
28619,development
28620,development
28621,development
28622,development
28623,development
28624,test
28625,development
28626,development
28627,development
28628,development
28629,test
28630,development
28631,development
28632,development
28633,development
28634,development
28635,development
28636,development
28637,development
28638,development
28639,development
28640,development
28641,development
28642,development
28643,development
28644,development
28645,development
28646,test
28647,development
28648,development
28649,development
28650,test
28651,development
28652,development
28653,development
28654,development
28655,development
28656,development
28657,development
28658,development
28659,test
28660,development
28661,test
28662,development
28663,development
28664,development
28665,development
28666,test
28667,development
28668,development
28669,test
28670,development
28671,test
28672,development
28673,development
28674,development
28675,development
28676,development
28677,development
28678,development
28679,test
28680,development
28681,test
28682,development
28683,test
28684,test
28685,test
28686,development
28687,development
28688,development
28689,development
28690,development
28691,development
28692,test
28693,development
28694,development
28695,development
28696,development
28697,development
28698,test
28699,development
28700,development
28701,development
28702,development
28703,development
28704,development
28705,development
28706,development
28707,development
28708,development
28709,development
28710,test
28711,development
28712,test
28713,development
28714,development
28715,development
28716,test
28717,development
28718,development
28719,test
28720,development
28721,test
28722,development
28723,development
28724,development
28725,test
28726,development
28727,development
28728,development
28729,test
28730,development
28731,test
28732,test
28733,development
28734,test
28735,development
28736,test
28737,development
28738,development
28739,development
28740,development
28741,development
28742,test
28743,development
28744,development
28745,development
28746,development
28747,development
28748,test
28749,development
28750,development
28751,development
28752,test
28753,test
28754,development
28755,development
28756,development
28757,test
28758,development
28759,development
28760,development
28761,development
28762,development
28763,development
28764,development
28765,development
28766,test
28767,test
28768,test
28769,test
28770,development
28771,development
28772,test
28773,development
28774,development
28775,development
28776,development
28777,development
28778,development
28779,development
28780,test
28781,test
28782,test
28783,development
28784,development
28785,development
28786,development
28787,development
28788,development
28789,development
28790,development
28791,development
28792,development
28793,development
28794,development
28795,development
28796,development
28797,development
28798,development
28799,test
28800,development
28801,development
28802,development
28803,development
28804,development
28805,development
28806,development
28807,development
28808,development
28809,development
28810,development
28811,development
28812,development
28813,test
28814,test
28815,development
28816,development
28817,development
28818,development
28819,development
28820,test
28821,development
28822,development
28823,development
28824,development
28825,development
28826,development
28827,development
28828,development
28829,development
28830,test
28831,development
28832,development
28833,development
28834,development
28835,development
28836,development
28837,test
28838,development
28839,development
28840,development
28841,test
28842,test
28843,development
28844,test
28845,test
28846,development
28847,development
28848,test
28849,test
28850,development
28851,development
28852,development
28853,development
28854,development
28855,test
28856,test
28857,development
28858,development
28859,test
28860,test
28861,development
28862,development
28863,test
28864,development
28865,development
28866,development
28867,development
28868,development
28869,development
28870,development
28871,test
28872,development
28873,development
28874,development
28875,development
28876,development
28877,development
28878,development
28879,development
28880,development
28881,test
28882,development
28883,development
28884,test
28885,development
28886,development
28887,development
28888,test
28889,development
28890,development
28891,development
28892,development
28893,development
28894,development
28895,development
28896,development
28897,development
28898,development
28899,development
28900,development
28901,development
28902,test
28903,development
28904,development
28905,test
28906,development
28907,development
28908,development
28909,development
28910,test
28911,development
28912,development
28913,development
28914,test
28915,development
28916,development
28917,development
28918,development
28919,development
28920,development
28921,development
28922,development
28923,test
28924,development
28925,test
28926,development
28927,development
28928,development
28929,test
28930,development
28931,development
28932,development
28933,development
28934,development
28935,development
28936,test
28937,development
28938,development
28939,development
28940,development
28941,development
28942,test
28943,development
28944,test
28945,development
28946,development
28947,development
28948,development
28949,development
28950,development
28951,test
28952,test
28953,development
28954,development
28955,development
28956,development
28957,test
28958,development
28959,test
28960,development
28961,development
28962,development
28963,development
28964,development
28965,test
28966,development
28967,development
28968,development
28969,development
28970,development
28971,development
28972,development
28973,development
28974,test
28975,development
28976,development
28977,test
28978,test
28979,test
28980,development
28981,development
28982,development
28983,development
28984,development
28985,development
28986,development
28987,test
28988,development
28989,development
28990,test
28991,development
28992,development
28993,development
28994,development
28995,development
28996,development
28997,test
28998,development
28999,development
29000,development
29001,development
29002,test
29003,development
29004,test
29005,development
29006,test
29007,development
29008,development
29009,test
29010,test
29011,test
29012,test
29013,test
29014,development
29015,development
29016,development
29017,development
29018,development
29019,development
29020,test
29021,development
29022,development
29023,test
29024,development
29025,test
29026,development
29027,test
29028,development
29029,development
29030,development
29031,test
29032,test
29033,test
29034,development
29035,development
29036,development
29037,development
29038,test
29039,development
29040,development
29041,development
29042,development
29043,test
29044,development
29045,development
29046,development
29047,development
29048,development
29049,development
29050,development
29051,test
29052,development
29053,development
29054,development
29055,test
29056,development
29057,development
29058,development
29059,test
29060,test
29061,development
29062,development
29063,development
29064,development
29065,test
29066,development
29067,development
29068,development
29069,test
29070,development
29071,development
29072,development
29073,development
29074,development
29075,test
29076,test
29077,development
29078,development
29079,development
29080,development
29081,development
29082,development
29083,development
29084,development
29085,development
29086,development
29087,development
29088,development
29089,development
29090,development
29091,development
29092,development
29093,development
29094,development
29095,development
29096,development
29097,development
29098,development
29099,development
29100,test
29101,development
29102,development
29103,test
29104,development
29105,development
29106,development
29107,test
29108,development
29109,test
29110,development
29111,development
29112,development
29113,development
29114,development
29115,test
29116,development
29117,development
29118,test
29119,development
29120,development
29121,development
29122,development
29123,development
29124,development
29125,development
29126,development
29127,development
29128,development
29129,development
29130,test
29131,development
29132,development
29133,development
29134,development
29135,test
29136,development
29137,development
29138,development
29139,test
29140,development
29141,development
29142,development
29143,test
29144,test
29145,development
29146,development
29147,test
29148,development
29149,development
29150,test
29151,development
29152,development
29153,development
29154,test
29155,development
29156,development
29157,development
29158,development
29159,development
29160,development
29161,development
29162,development
29163,development
29164,development
29165,development
29166,development
29167,development
29168,development
29169,development
29170,test
29171,development
29172,development
29173,test
29174,development
29175,test
29176,development
29177,test
29178,development
29179,development
29180,development
29181,development
29182,test
29183,test
29184,development
29185,development
29186,development
29187,development
29188,development
29189,development
29190,test
29191,development
29192,test
29193,development
29194,development
29195,development
29196,development
29197,development
29198,test
29199,development
29200,development
29201,test
29202,development
29203,development
29204,development
29205,development
29206,development
29207,development
29208,development
29209,development
29210,development
29211,development
29212,test
29213,development
29214,test
29215,development
29216,development
29217,development
29218,development
29219,test
29220,development
29221,test
29222,development
29223,test
29224,test
29225,development
29226,test
29227,development
29228,development
29229,test
29230,development
29231,development
29232,test
29233,development
29234,development
29235,development
29236,development
29237,test
29238,development
29239,development
29240,development
29241,development
29242,development
29243,development
29244,development
29245,development
29246,test
29247,development
29248,test
29249,test
29250,development
29251,development
29252,test
29253,development
29254,development
29255,test
29256,development
29257,development
29258,development
29259,development
29260,development
29261,development
29262,test
29263,development
29264,development
29265,test
29266,development
29267,development
29268,development
29269,development
29270,development
29271,development
29272,development
29273,test
29274,development
29275,test
29276,development
29277,development
29278,development
29279,test
29280,development
29281,development
29282,development
29283,development
29284,development
29285,test
29286,development
29287,development
29288,development
29289,development
29290,development
29291,development
29292,development
29293,development
29294,test
29295,development
29296,development
29297,development
29298,development
29299,test
29300,development
29301,development
29302,test
29303,test
29304,test
29305,development
29306,development
29307,test
29308,development
29309,development
29310,development
29311,development
29312,development
29313,development
29314,development
29315,test
29316,development
29317,development
29318,development
29319,development
29320,development
29321,development
29322,development
29323,development
29324,development
29325,development
29326,development
29327,development
29328,development
29329,development
29330,development
29331,development
29332,development
29333,test
29334,development
29335,development
29336,development
29337,development
29338,development
29339,development
29340,development
29341,test
29342,test
29343,test
29344,development
29345,development
29346,development
29347,development
29348,test
29349,development
29350,development
29351,development
29352,development
29353,development
29354,development
29355,development
29356,test
29357,test
29358,test
29359,development
29360,development
29361,development
29362,development
29363,test
29364,development
29365,development
29366,development
29367,development
29368,development
29369,test
29370,development
29371,test
29372,development
29373,development
29374,test
29375,development
29376,development
29377,development
29378,development
29379,test
29380,development
29381,development
29382,test
29383,development
29384,test
29385,development
29386,development
29387,development
29388,development
29389,test
29390,development
29391,development
29392,development
29393,development
29394,development
29395,development
29396,development
29397,development
29398,development
29399,development
29400,development
29401,development
29402,development
29403,test
29404,development
29405,development
29406,development
29407,test
29408,development
29409,development
29410,development
29411,development
29412,test
29413,test
29414,development
29415,development
29416,test
29417,development
29418,test
29419,test
29420,development
29421,development
29422,development
29423,test
29424,development
29425,development
29426,development
29427,development
29428,test
29429,test
29430,development
29431,development
29432,development
29433,development
29434,test
29435,development
29436,test
29437,development
29438,development
29439,development
29440,development
29441,development
29442,development
29443,development
29444,development
29445,development
29446,development
29447,development
29448,development
29449,development
29450,test
29451,development
29452,development
29453,development
29454,development
29455,test
29456,development
29457,test
29458,development
29459,test
29460,development
29461,development
29462,development
29463,development
29464,development
29465,development
29466,development
29467,development
29468,development
29469,test
29470,development
29471,development
29472,test
29473,test
29474,development
29475,development
29476,development
29477,development
29478,development
29479,test
29480,development
29481,test
29482,test
29483,development
29484,development
29485,development
29486,development
29487,development
29488,development
29489,development
29490,development
29491,test
29492,development
29493,development
29494,development
29495,development
29496,development
29497,development
29498,development
29499,test
29500,test
29501,development
29502,development
29503,test
29504,development
29505,development
29506,development
29507,development
29508,development
29509,development
29510,development
29511,development
29512,development
29513,development
29514,development
29515,development
29516,test
29517,development
29518,development
29519,development
29520,development
29521,development
29522,development
29523,development
29524,test
29525,development
29526,development
29527,development
29528,development
29529,development
29530,development
29531,test
29532,test
29533,test
29534,development
29535,development
29536,development
29537,development
29538,development
29539,test
29540,development
29541,test
29542,development
29543,development
29544,test
29545,development
29546,development
29547,development
29548,development
29549,development
29550,development
29551,development
29552,development
29553,test
29554,development
29555,development
29556,development
29557,development
29558,development
29559,development
29560,development
29561,development
29562,development
29563,development
29564,development
29565,development
29566,development
29567,test
29568,test
29569,test
29570,development
29571,test
29572,test
29573,test
29574,test
29575,test
29576,development
29577,test
29578,development
29579,development
29580,development
29581,development
29582,development
29583,development
29584,development
29585,development
29586,development
29587,development
29588,development
29589,development
29590,test
29591,test
29592,development
29593,development
29594,development
29595,development
29596,development
29597,development
29598,test
29599,development
29600,development
29601,development
29602,development
29603,test
29604,development
29605,development
29606,development
29607,development
29608,development
29609,development
29610,development
29611,test
29612,development
29613,development
29614,test
29615,development
29616,test
29617,test
29618,development
29619,development
29620,development
29621,development
29622,development
29623,development
29624,test
29625,development
29626,development
29627,development
29628,development
29629,test
29630,development
29631,test
29632,development
29633,development
29634,development
29635,development
29636,development
29637,development
29638,development
29639,development
29640,test
29641,test
29642,test
29643,development
29644,development
29645,development
29646,test
29647,development
29648,development
29649,test
29650,test
29651,development
29652,test
29653,development
29654,development
29655,development
29656,development
29657,development
29658,development
29659,development
29660,test
29661,development
29662,development
29663,development
29664,development
29665,development
29666,test
29667,development
29668,development
29669,test
29670,test
29671,development
29672,development
29673,development
29674,development
29675,development
29676,development
29677,development
29678,development
29679,development
29680,development
29681,development
29682,development
29683,development
29684,development
29685,development
29686,development
29687,development
29688,development
29689,development
29690,development
29691,development
29692,development
29693,development
29694,test
29695,test
29696,development
29697,development
29698,development
29699,development
29700,development
29701,development
29702,development
29703,development
29704,development
29705,development
29706,development
29707,development
29708,test
29709,development
29710,test
29711,development
29712,development
29713,development
29714,development
29715,development
29716,test
29717,development
29718,development
29719,test
29720,test
29721,test
29722,test
29723,test
29724,test
29725,development
29726,test
29727,development
29728,development
29729,development
29730,development
29731,development
29732,test
29733,test
29734,development
29735,test
29736,development
29737,development
29738,development
29739,development
29740,development
29741,development
29742,development
29743,test
29744,development
29745,test
29746,development
29747,development
29748,development
29749,development
29750,development
29751,development
29752,development
29753,development
29754,development
29755,development
29756,test
29757,development
29758,development
29759,development
29760,development
29761,test
29762,development
29763,test
29764,test
29765,development
29766,development
29767,development
29768,development
29769,development
29770,development
29771,development
29772,test
29773,development
29774,test
29775,development
29776,development
29777,test
29778,development
29779,development
29780,development
29781,development
29782,development
29783,development
29784,development
29785,development
29786,development
29787,development
29788,development
29789,development
29790,test
29791,development
29792,development
29793,development
29794,development
29795,test
29796,test
29797,development
29798,development
29799,test
29800,development
29801,test
29802,test
29803,development
29804,development
29805,development
29806,development
29807,development
29808,development
29809,development
29810,development
29811,development
29812,development
29813,development
29814,development
29815,development
29816,development
29817,test
29818,development
29819,test
29820,development
29821,development
29822,development
29823,development
29824,test
29825,test
29826,test
29827,development
29828,development
29829,development
29830,development
29831,development
29832,test
29833,development
29834,development
29835,development
29836,test
29837,development
29838,test
29839,development
29840,development
29841,test
29842,development
29843,test
29844,development
29845,development
29846,development
29847,test
29848,development
29849,development
29850,development
29851,development
29852,test
29853,development
29854,development
29855,development
29856,development
29857,development
29858,development
29859,development
29860,development
29861,development
29862,development
29863,test
29864,development
29865,development
29866,development
29867,test
29868,test
29869,test
29870,development
29871,development
29872,development
29873,development
29874,development
29875,development
29876,development
29877,development
29878,development
29879,development
29880,development
29881,development
29882,test
29883,development
29884,development
29885,development
29886,development
29887,development
29888,development
29889,development
29890,development
29891,development
29892,development
29893,development
29894,development
29895,development
29896,development
29897,development
29898,development
29899,development
29900,development
29901,development
29902,development
29903,test
29904,development
29905,development
29906,development
29907,test
29908,development
29909,test
29910,development
29911,development
29912,development
29913,development
29914,test
29915,development
29916,development
29917,test
29918,development
29919,development
29920,development
29921,development
29922,development
29923,development
29924,development
29925,development
29926,test
29927,development
29928,development
29929,development
29930,development
29931,development
29932,development
29933,development
29934,development
29935,development
29936,development
29937,development
29938,development
29939,test
29940,development
29941,development
29942,development
29943,development
29944,development
29945,development
29946,development
29947,test
29948,development
29949,development
29950,development
29951,development
29952,development
29953,development
29954,development
29955,test
29956,development
29957,development
29958,development
29959,development
29960,test
29961,development
29962,test
29963,development
29964,development
29965,development
29966,test
29967,development
29968,test
29969,development
29970,development
29971,development
29972,development
29973,development
29974,development
29975,development
29976,test
29977,development
29978,development
29979,development
29980,development
29981,development
29982,development
29983,development
29984,development
29985,development
29986,development
29987,development
29988,test
29989,test
29990,development
29991,development
29992,development
29993,development
29994,development
29995,development
29996,development
29997,development
29998,development
29999,development
30000,test
